bus_stop_id,bus_stop_name,rail_station,distance_m
28812,CONGRESS HEIGHTS STATION & BUS BAY E,CONGRESS HEIGHTS METRO STATION,4.7
28659,MINNESOTA AVE STATION & BUS BAY A,MINNESOTA AVE METRO STATION,5.3
28910,PENTAGON TRANSIT CTR & BUS BAY U10,PENTAGON METRO STATION,5.3
42827,FLORIDA AVE & 2ND ST NE,NOMA-GALLAUDET U (NEW YORK AVE) METRO STATION,9.1
41382,SILVER SPRING STATION & BUS BAY 220,SILVER SPRING METRO STATION,11.1
42925,U ST NW + 13TH ST NW,U STREET METRO STATION,13.7
1848,U ST NW & 13TH ST NW,U STREET METRO STATION,13.9
39860,PENTAGON STATION & BUS BAY U9,PENTAGON METRO STATION,14.1
29293,BALLSTON STATION & BUS BAY D,BALLSTON METRO,14.8
36820,SOUTHERN AVE STATION & BUS BAY Q,SOUTHERN AVE METRO STATION,17.1
41390,SILVER SPRING STATION & BUS BAY 103,SILVER SPRING METRO STATION,17.1
47133,PENTAGON CITY STATION + BUS BAY B,PENTAGON CITY METRO STATION,17.8
31413,17TH ST NW & I ST NW,FARRAGUT WEST METRO STATION,18.7
7190,WISCONSIN AVE NW & WESTERN AVE,FRIENDSHIP HEIGHTS METRO STATION,18.8
28664,RHODE ISLAND AVE STA & BUS BAY E,RHODE ISLAND METRO STATION,18.9
8009,20TH ST NW & Q ST NW,DUPONT CIRCLE METRO STATION,19.0
41414,SILVER SPRING STATION & BUS BAY 219,SILVER SPRING METRO STATION,19.3
29349,PENTAGON TRANSIT CTR & BUS BAY U11,PENTAGON METRO STATION,19.3
41385,SILVER SPRING STATION & BUS BAY 102,SILVER SPRING METRO STATION,19.5
30144,BRANCH AVE STATION & BUS BAY H,BRANCH AVE METRO STATION,20.0
27410,K ST NW & CONNECTICUT AVE NW (MAIN),FARRAGUT NORTH METRO STATION,20.1
30137,FLORIDA AVE NE & 2ND ST NE,NOMA-GALLAUDET U (NEW YORK AVE) METRO STATION,20.1
44630,Pennsylvania Avenue and 7th Street SE,EASTERN MARKET METRO STATION,20.2
41384,SILVER SPRING STATION & BUS BAY 223,SILVER SPRING METRO STATION,21.8
29598,NAYLOR RD STATION & BUS BAY D,NAYLOR ROAD METRO STATION,22.2
36834,Q ST NW & CONNECTICUT AVE NW,DUPONT CIRCLE METRO STATION,22.9
8049,23RD ST NW & I ST NW,FOGGY BOTTOM METRO STATION,22.9
7465,7TH ST & S ST,SHAW METRO STATION,23.0
28800,SOUTHERN AVE STATION & BUS BAY A,SOUTHERN AVE METRO STATION,23.3
29088,ANACOSTIA STATION & BUS BAY H,ANACOSTIA METRO STATION,23.6
31358,GEORGIA AVE & PETWORTH STA STOP C,GEORGIA AVE PETWORTH STATION,23.8
5015,D ST & 7TH ST,L'ENFANT PLAZA METRO STATION,23.9
7794,IRVING ST NW & 14TH ST NW,COLUMBIA HEIGHTS METRO STATION,24.7
29735,BETHESDA STATION & BAY C,BETHESDA METRO STATION,24.7
29775,SHADY GROVE METRO STATION & BUS BAY C,SHADY GROVE METRO STATION,25.4
28820,NEW HAMPSHIRE AVE & GEORGIA AVE,GEORGIA AVE PETWORTH STATION,25.7
40211,SOUTHERN AVE STATION & BUS BAY P,SOUTHERN AVE METRO STATION,25.9
27165,BENNING RD NE & E CAPITOL ST NE,BENNING RD METRO STATION,26.4
27385,17TH ST & I ST NW,FARRAGUT WEST METRO STATION,26.5
14480,14TH ST & IRVING ST,COLUMBIA HEIGHTS METRO STATION,26.6
4906,CONNECTICUT AVE & WOODLEY RD,WOODLEY PARK-ZOO METRO STATION,28.0
28856,BRANCH AVE STATION & BUS BAY G,BRANCH AVE METRO STATION,28.2
27340,7TH ST NW & G ST NW,GALLERY PLACE CHINATOWN METRO STATION,28.5
29090,ANACOSTIA STATION & BUS BAY J,ANACOSTIA METRO STATION,28.8
28665,RHODE ISLAND AVE STA & BUS BAY F,RHODE ISLAND METRO STATION,30.1
31510,SUITLAND STATION & BUS BAY N,SUITLAND METRO STATION,30.5
47135,PENTAGON CITY STATION + BUS BAY C,PENTAGON CITY METRO STATION,30.8
1879,U ST NW & 13TH ST NW,U STREET METRO STATION,31.8
27405,K ST NW & 17TH ST NW,FARRAGUT NORTH METRO STATION,32.0
29486,NEW CARROLLTON STATION & BUS BAY A,NEW CARROLLTON METRO STATION,32.2
28661,DEANWOOD STATION & BUS BAY A,DEANWOOD METRO STATION,32.7
27097,CAPITOL HGTS STATION & BUS BAY C,CAPITOL HEIGHTS METRO STATION,33.3
28939,BROOKLAND-CUA STATION & BUS BAY A,BROOKLAND-CUA METRO,33.7
29747,BETHESDA STATION & BAY B,BETHESDA METRO STATION,33.9
27614,RHODE ISLAND AVE STA & BUS BAY C,RHODE ISLAND METRO STATION,34.1
29391,RHODE ISLAND AVE STA & BUS BAY D,RHODE ISLAND METRO STATION,35.2
27070,STADIUM-ARMORY STATION & BUS BAY C,STADIUM ARMORY METRO STATION,35.4
41383,SILVER SPRING STATION & BUS BAY 221,SILVER SPRING METRO STATION,35.4
6452,I ST & 17TH ST NW,FARRAGUT WEST METRO STATION,35.8
7492,7TH ST & S ST,SHAW METRO STATION,36.1
28978,ANACOSTIA STATION & BUS BAY G,ANACOSTIA METRO STATION,36.1
29216,BALLSTON STATION & BUS BAY C,BALLSTON METRO,36.5
28898,23RD ST NW & I ST NW,FOGGY BOTTOM METRO STATION,36.9
5548,14TH ST & I ST,MCPHERSON SQ METRO STATION,37.1
29217,BALLSTON STATION & BUS BAY E,BALLSTON METRO,38.1
41386,SILVER SPRING STATION & BUS BAY 104,SILVER SPRING METRO STATION,38.7
31318,WHEATON STATION & BUS BAY E,WHEATON METRO STATION,39.7
26919,M ST SE & NEW JERSEY AVE SE,NAVY YARD METRO STATION,39.9
29323,RONALD REAGAN WASHINGTON NATIONAL AIRPORT STA & BUS BAY A,NATIONAL AIRPORT METRO STATION,40.4
29185,PENTAGON TRANSIT CTR & BUS BAY U12,PENTAGON METRO STATION,40.7
22064,ROCKVILLE PIKE & SOUTH DR,MEDICAL CENTER METRO/NAVAL MED CTR & NIH,41.0
29646,DEANWOOD STATION & MINNESOTA AVE NE,DEANWOOD METRO STATION,41.1
28814,SOUTHERN AVE STATION & BUS BAY B,SOUTHERN AVE METRO STATION,41.2
29436,LANDOVER STATION & BUS BAY D,LANDOVER METRO STATION,41.4
45651,S HAYES ST + 12TH ST,PENTAGON CITY METRO STATION,41.8
30128,CONGRESS HEIGHTS STATION & BUS BAY D,CONGRESS HEIGHTS METRO STATION,42.4
29312,PENTAGON TRANSIT CTR & BUS BAY U7,PENTAGON METRO STATION,42.5
28858,NAYLOR RD STATION & BUS BAY E,NAYLOR ROAD METRO STATION,42.9
26709,HOWARD RD SE & EAST ENTRANCE TO ANACOSTIA STATION,ANACOSTIA METRO STATION,43.1
48124,E BRADDOCK RD + STATION ENTRANCE,BRADDOCK RD METRORAIL STATION,43.3
28815,ANACOSTIA STATION & BUS BAY K,ANACOSTIA METRO STATION,43.6
41415,SILVER SPRING STATION & BUS BAY 218,SILVER SPRING METRO STATION,43.8
37213,M ST SW & 4TH ST SW,WATERFRONT METRO STATION,44.4
39859,MINNESOTA AVE STA & BUS BAY C,MINNESOTA AVE METRO STATION,44.9
29003,ALABAMA AVE SE & 13TH ST SE,CONGRESS HEIGHTS METRO STATION,45.2
28755,GLENMONT STATION & BAY H,GLENMONT METRO STATION,45.5
42929,ROCKVILLE STATION  + BUS BAY D,ROCKVILLE METRO STATION,46.1
27172,CLARENDON BLVD & COURTHOUSE STATION,COURTHOUSE METRO STATION,46.2
31652,ROCKVILLE STATION EAST & BUS BAY A,ROCKVILLE METRO STATION,46.4
28669,NEW CARROLLTON STATION & BUS BAY B,NEW CARROLLTON METRO STATION,46.5
28656,ANACOSTIA STATION & BUS BAY D,ANACOSTIA METRO STATION,47.0
28979,RHODE ISLAND AVE STA & BUS BAY B,RHODE ISLAND METRO STATION,47.0
28857,BRANCH AVE STATION & BUS BAY F,BRANCH AVE METRO STATION,47.1
5596,14TH ST NW & IRVING ST NW,COLUMBIA HEIGHTS METRO STATION,47.3
28667,BROOKLAND-CUA STATION & BUS BAY B,BROOKLAND-CUA METRO,48.4
28662,DEANWOOD STATION & BUS BAY B,DEANWOOD METRO STATION,48.5
29681,GEORGIA AVE & NEW HAMPSHIRE AVE,GEORGIA AVE PETWORTH STATION,49.1
31356,GEORGIA AVE & NEW HAMPSHIRE AVE STOP B,GEORGIA AVE PETWORTH STATION,49.3
28961,FT TOTTEN STATION & BUS BAY C,FORT TOTTEN METRO STATION,50.0
29742,TAKOMA STATION & BUS BAY F,TAKOMA METRO STATION,50.3
28654,ANACOSTIA STATION & BUS BAY C,ANACOSTIA METRO STATION,51.2
28962,FT TOTTEN STATION & ALIGHTING STOP ALL ROUTES,FORT TOTTEN METRO STATION,51.5
5549,14TH ST & I ST,MCPHERSON SQ METRO STATION,51.5
27517,CONNECTICUT AVE & Q ST,DUPONT CIRCLE METRO STATION,52.1
46822,KING STREET STA + BUS BAY B,KING STREET METRO STATION,53.0
27786,BROOKLAND-CUA STATION & BUS BAY F,BROOKLAND-CUA METRO,53.5
13895,M ST SE & NEW JERSEY AVE SE,NAVY YARD METRO STATION,53.7
30127,ALABAMA AVE SE & 13TH ST SE,CONGRESS HEIGHTS METRO STATION,54.0
26710,HOWARD RD SE & EAST ENTRANCE TO ANACOSTIA STATION,ANACOSTIA METRO STATION,54.4
28428,WHEATON STATION & BUS BAY D,WHEATON METRO STATION,54.7
29968,PG PLAZA STATION & BUS BAY A,PRINCE GEORGES PLAZA METRO STATION,54.9
27950,CONNECTICUT AVE NW & VEAZEY TER NW,VAN NESS-UDC METRO STATION,55.3
28995,CAPITOL HEIGHTS STATION & BUS BAY C,CAPITOL HEIGHTS METRO STATION,56.1
26698,ANACOSTIA STA & BUS BAY E,ANACOSTIA METRO STATION,56.4
29302,BALLSTON STATION & BUS BAY B,BALLSTON METRO,56.9
29366,SOUTHERN AVE STATION & BUS BAY C,SOUTHERN AVE METRO STATION,56.9
29121,PENTAGON STATION & BUS BAY U13,PENTAGON METRO STATION,57.2
48125,E BRADDOCK RD + LINEAR PARK TRAIL,BRADDOCK RD METRORAIL STATION,57.4
29571,NAYLOR RD STATION & BUS BAY B,NAYLOR ROAD METRO STATION,57.4
29357,SUITLAND STATION & BUS BAY M,SUITLAND METRO STATION,58.1
27167,BENNING RD NE & 45TH ST NE,BENNING RD METRO STATION,58.6
40303,VIENNA STATION & BUS BAY L,VIENNA METRO STATION,59.0
29576,ADDISON RD STATION & BUS BAY E,ADDISON ROAD METRO STATION,59.4
5040,FORT DR & TENLEY CIRCLE,TENLEYTOWN METRO STATION,59.4
27154,E CAPITOL ST NE & BENNING RD NE,BENNING RD METRO STATION,59.7
27949,CONNECTICUT AVE NW & VEAZEY TER NW,VAN NESS-UDC METRO STATION,59.9
27103,EAST CAPITOL ST & SOUTHERN AVE,CAPITOL HEIGHTS METRO STATION,60.0
42833,SOUTHERN AVE STATION & BUS BAY N,SOUTHERN AVE METRO STATION,60.2
29001,ANACOSTIA STATION & BUS BAY M,ANACOSTIA METRO STATION,60.4
29222,BALLSTON STATION & BUS BAY F,BALLSTON METRO,61.0
29905,CONGRESS HEIGHTS STATION & BUS BAY G,CONGRESS HEIGHTS METRO STATION,61.4
26970,POTOMAC AVE & 14TH ST SE,POTOMAC AVE METRO,61.4
28670,GREENBELT STATION & BUS BAY G,GREENBELT METRO STATION,61.4
28844,CONGRESS HEIGHTS STATION & BUS BAY C,CONGRESS HEIGHTS METRO STATION,61.5
28666,LANDOVER STATION & BUS BAY C,LANDOVER METRO STATION,61.5
28655,ANACOSTIA STATION & BUS BAY B,ANACOSTIA METRO STATION,61.6
26712,ANACOSTIA STATION & BUS BAY L,ANACOSTIA METRO STATION,61.8
29713,MARINELLI RD & ROCKVILLE PIKE,WHITE FLINT METRO STATION,61.9
27780,BROOKLAND STATION & BUS BAY E,BROOKLAND-CUA METRO,62.0
28668,BROOKLAND-CUA STATION & BUS BAY G,BROOKLAND-CUA METRO,62.6
29198,PENTAGON TRANSIT CTR & BUS BAY U6,PENTAGON METRO STATION,62.7
27964,NEW CARROLLTON STATION & BUS BAY C,NEW CARROLLTON METRO STATION,63.4
3320,D ST SW & 7TH ST SW,L'ENFANT PLAZA METRO STATION,64.2
27331,MINNESOTA AVE STA & BUS BAY D,MINNESOTA AVE METRO STATION,64.3
28960,FORT TOTTEN STATION & BUS BAY B,FORT TOTTEN METRO STATION,64.9
42793,N MOORE ST & ROSSLYN STATION BUS BAY B,ROSSLYN METRO STATION,65.2
29136,N MOORE ST & ROSSLYN STATION BUS BAY C,ROSSLYN METRO STATION,65.3
28971,TAKOMA STATION & BUS BAY E,TAKOMA METRO STATION,65.3
7729,FRANKLIN SQUARE & BUS BAY D,MCPHERSON SQ METRO STATION,66.1
29698,TWINBROOK STATION & BUS BAY A,TWINBROOK METRO STATION,66.2
29647,DEANWOOD STATION & BUS BAY C,DEANWOOD METRO STATION,66.4
28803,NAYLOR RD STATION & BUS BAY F,NAYLOR ROAD METRO STATION,66.9
28835,WESTERN AVE & 44TH ST,FRIENDSHIP HEIGHTS METRO STATION,67.1
28959,FORT TOTTEN STATION & BUS BAY E,FORT TOTTEN METRO STATION,67.7
8223,MASSACHUSETTS AVE & FIRST ST NE,UNION STATION METRO STATION,68.7
40003,PG PLAZA STATION & BUS BAY G,PRINCE GEORGES PLAZA METRO STATION,69.2
28897,BROOKLAND STATION & BUS BAY C,BROOKLAND-CUA METRO,70.0
28063,FRIENDSHIP HEIGHTS STA & BUS BAY C,FRIENDSHIP HEIGHTS METRO STATION,70.6
29936,VIENNA STATION & BUS BAY K,VIENNA METRO STATION,70.8
27661,CONNECTICUT AVE & 24TH ST,WOODLEY PARK-ZOO METRO STATION,70.9
27660,24TH ST & CONNECTICUT AVE,WOODLEY PARK-ZOO METRO STATION,71.3
46990,KING STREET STA - BUS BAY A,KING STREET METRO STATION,71.5
40229,WHEATON STATION & BUS BAY C,WHEATON METRO STATION,72.2
6222,FORT DR & NEBRASKA AVE,TENLEYTOWN METRO STATION,72.2
29976,PG PLAZA STATION & BUS BAY B,PRINCE GEORGES PLAZA METRO STATION,72.2
28785,GLENMONT STATION & BAY E,GLENMONT METRO STATION,72.3
28930,BROOKLAND-CUA STATION & BUS BAY D,BROOKLAND-CUA METRO,72.5
28929,BROOKLAND-CUA STATION & BUS BAY H,BROOKLAND-CUA METRO,73.4
29648,NEW CARROLLTON STATION & BUS BAY J,NEW CARROLLTON METRO STATION,73.6
36835,MASSACHUSETTS AVE NE & FIRST ST NE,UNION STATION METRO STATION,73.7
28996,MINNESOTA AVE STA & BUS BAY M,MINNESOTA AVE METRO STATION,73.8
13078,CONNECTICUT AVE NW & Q ST NW,DUPONT CIRCLE METRO STATION,74.0
28980,RHODE ISLAND AVE STA & BUS BAY A,RHODE ISLAND METRO STATION,74.3
29145,N MOORE ST & ROSSLYN STATION BUS BAY D,ROSSLYN METRO STATION,74.4
27014,PENNSYLVANIA AVE SE & 8TH ST SE,EASTERN MARKET METRO STATION,74.6
6483,PENNSYLVANIA AVE SE & POTOMAC AVE SE,POTOMAC AVE METRO,74.9
42923,GEORGIA AVE + QUEBEC PL,GEORGIA AVE PETWORTH STATION,75.0
29975,ANACOSTIA STATION & BUS BAY A,ANACOSTIA METRO STATION,75.6
46817,KING STREET STA + BUS BAY E,KING STREET METRO STATION,76.0
29680,7TH ST NW & F ST NW,GALLERY PLACE CHINATOWN METRO STATION,76.2
29441,CAPITOL HEGHTS STATION & BUS BAY B,CAPITOL HEIGHTS METRO STATION,76.8
27386,17TH ST & I ST NW,FARRAGUT WEST METRO STATION,77.1
4950,CONNECTICUT AVE & WOODLEY RD,WOODLEY PARK-ZOO METRO STATION,77.5
29584,NEW CARROLLTON STATION & BUS BAY H,NEW CARROLLTON METRO STATION,77.5
29383,NEW CARROLLTON STATION & BUS BAY K,NEW CARROLLTON METRO STATION,77.9
13859,D ST & 7TH ST,L'ENFANT PLAZA METRO STATION,78.2
96,WISCONSIN AVE NW & ALBEMARLE ST NW,TENLEYTOWN METRO STATION,78.3
29879,S BELL ST & 18TH ST (BUS BAY D),CRYSTAL CITY METRO STATION,78.4
27184,WILSON BLVD & COURT HOUSE RD,COURTHOUSE METRO STATION,78.4
29430,ADDISON RD STATION & BUS BAY D,ADDISON ROAD METRO STATION,79.2
14792,20TH ST NW & MASSACHUSETTS AVE NW,DUPONT CIRCLE METRO STATION,79.6
29640,GREENBELT STATION & BUS BAY F,GREENBELT METRO STATION,79.8
29027,SOUTHERN AVE STATION & BUS BAY M,SOUTHERN AVE METRO STATION,80.2
28724,NEW HAMPSHIRE AVE NW & GEORGIA AVE,GEORGIA AVE PETWORTH STATION,80.7
29557,LANDOVER STATION & BUS BAY B,LANDOVER METRO STATION,80.9
28062,FRIENDSHIP HTS STA & BUS BAY J,FRIENDSHIP HEIGHTS METRO STATION,81.1
28879,FT TOTTEN STATION & ALIGHTING ONLY,FORT TOTTEN METRO STATION,81.4
7199,WISCONSIN AVE NW & TENLEY CIR,TENLEYTOWN METRO STATION,82.1
29558,NEW CARROLLTON STATION & BUS BAY D,NEW CARROLLTON METRO STATION,82.3
29758,FORT TOTTEN STATION & BUS BAY A,FORT TOTTEN METRO STATION,84.2
29553,TAKOMA STATION & BUS BAY D,TAKOMA METRO STATION,84.5
28754,GLENMONT STATION & BAY D,GLENMONT METRO STATION,84.5
28928,BROOKLAND STATION & BUS BAY J,BROOKLAND-CUA METRO,84.7
5956,MINNESOTA AVE NE & 48TH ST NE,DEANWOOD METRO STATION,85.1
29200,PENTAGON TRANSIT CTR & BUS BAY U5,PENTAGON METRO STATION,85.2
29674,DEANWOOD STATION & BUS BAY D,DEANWOOD METRO STATION,85.2
28958,FORT TOTTEN STATION & BUS BAY F,FORT TOTTEN METRO STATION,85.2
29371,SUITLAND STATION & BAY L,SUITLAND METRO STATION,85.5
29711,GLENMONT STATION & BAY F,GLENMONT METRO STATION,85.6
27174,WILSON BLVD & VEITCH ST,COURTHOUSE METRO STATION,85.7
29886,SOUTHERN AVE STATION & BUS BAY D,SOUTHERN AVE METRO STATION,85.9
28801,NAYLOR RD STATION & BUS BAY G,NAYLOR ROAD METRO STATION,86.8
28990,MINNESOTA AVE STATION & BUS BAY E,MINNESOTA AVE METRO STATION,86.9
29549,WEST HYATTSVILLE STATION & BUS BAY D,WEST HYATTSVILLE METRO STATION,87.5
23047,CLARENDON BLVD & COURTHOUSE RD,COURTHOUSE METRO STATION,87.7
40161,TYSONS CORNER STATION & BUS BAY G,TYSONS CORNER METRO STATION,87.9
29144,N MOORE ST & ROSSLYN STATION BUS BAY E,ROSSLYN METRO STATION,88.0
27156,EAST CAPITOL ST NE & BENNING RD STATION,BENNING RD METRO STATION,88.8
29583,PG PLAZA STATION & BUS BAY F,PRINCE GEORGES PLAZA METRO STATION,89.2
30143,WHEATON STATION & BUS BAY B,WHEATON METRO STATION,89.4
5868,MASSACHUSETTS AVE & 20TH ST,DUPONT CIRCLE METRO STATION,89.8
29398,NEW CARROLLTON STATION & BUS BAY G,NEW CARROLLTON METRO STATION,89.9
31584,VIENNA STATION & BUS BAY J,VIENNA METRO STATION,90.2
28931,WEST HYATTSVILLE STATION & BUS BAY E,WEST HYATTSVILLE METRO STATION,90.7
28909,E CAPITOL ST SE & TEXAS AVE SE,BENNING RD METRO STATION,90.8
29967,PG PLAZA STATION & BUS BAY C,PRINCE GEORGES PLAZA METRO STATION,91.5
25733,FRANCONIA-SPRGFLD STA. & BUS BAY D,FRANCONIA SPRINGFIELD METRO,91.9
28841,CONGRESS HEIGHTS STA & BUS BAY B,CONGRESS HEIGHTS METRO STATION,92.5
28721,STADIUM-ARMORY STATION & BUS BAY D,STADIUM ARMORY METRO STATION,93.0
41195,FRIENDSHIP HTS STA & BUS BAY D,FRIENDSHIP HEIGHTS METRO STATION,93.1
28927,MINNESOTA AVE STATION & BUS BAY K,MINNESOTA AVE METRO STATION,93.1
26918,M ST & 4TH ST SW,WATERFRONT METRO STATION,93.3
29707,MARINELLI RD & ROCKVILLE PIKE,WHITE FLINT METRO STATION,93.6
28926,MINNESOTA AVE STATION & BUS BAY L,MINNESOTA AVE METRO STATION,94.4
4000,GEORGIA AVE & REEDIE DR,WHEATON METRO STATION,94.8
29206,S BELL ST & 18TH ST (BUS BAY C),CRYSTAL CITY METRO STATION,95.1
29756,MEDICAL CENTER STATION & BUS BAY F,MEDICAL CENTER METRO/NAVAL MED CTR & NIH,96.7
29863,MINNESOTA AVE STA & BUS BAY N,MINNESOTA AVE METRO STATION,97.0
29107,PENTAGON TRANSIT CTR & BUS BAY L5,PENTAGON METRO STATION,97.3
29577,CAPITOL HEGHTS STATION & BUS BAY A,CAPITOL HEIGHTS METRO STATION,98.0
29207,S BELL ST & 18TH ST (BUS BAY B),CRYSTAL CITY METRO STATION,98.4
28657,ADDISON RD STATION & BUS BAY C,ADDISON ROAD METRO STATION,98.6
29762,FRIENDSHIP HGTS STA & BUS BAY K,FRIENDSHIP HEIGHTS METRO STATION,99.0
27025,8TH ST SE & D ST SE,EASTERN MARKET METRO STATION,99.7
1889,F ST NW & 12TH ST NW,METRO CENTER METRO STATION,99.7
29663,GREENBELT STATION & BUS BAY E,GREENBELT METRO STATION,100.2
29416,NEW CARROLLTON STATION & BUS BAY E,NEW CARROLLTON METRO STATION,101.5
42799,14TH ST & K ST,MCPHERSON SQ METRO STATION,101.6
26005,BRADDOCK RD STA & BUS BAY B,BRADDOCK RD METRORAIL STATION,102.0
31196,BENNING RD SE & E CAPITOL ST SE,BENNING RD METRO STATION,102.7
7590,11TH ST NW & G ST NW,METRO CENTER METRO STATION,102.8
27102,E CAPITOL ST SE & 46TH ST SE,BENNING RD METRO STATION,103.0
29315,WEST FALLS CHURCH STATION & BUS BAY D,WEST FALLS CHURCH METRO,103.0
42832,SOUTHERN AVE STATION & BUS BAY E,SOUTHERN AVE METRO STATION,103.0
41405,FRIENDSHIP HGTS STA & BUS BAY G,FRIENDSHIP HEIGHTS METRO STATION,104.0
28197,TAKOMA STATION & BUS BAY C,TAKOMA METRO STATION,104.4
29236,PENTAGON TRANSIT CTR & BUS BAY L4,PENTAGON METRO STATION,105.3
5861,MASSACHUSETTS AVE & 20TH ST,DUPONT CIRCLE METRO STATION,105.3
29514,LARGO TOWN CENTER STATION & BUS BAY D,LARGO TOWN CENTER METRO STATION,106.2
11114,S EADS ST & 18TH ST S,CRYSTAL CITY METRO STATION,107.0
29637,SUITLAND STATION & BAY K,SUITLAND METRO STATION,108.0
29761,WHEATON STATION & BUS BAY A,WHEATON METRO STATION,108.2
29221,PENTAGON STATION & BUS BAY U4,PENTAGON METRO STATION,108.6
7589,11TH ST & F ST,METRO CENTER METRO STATION,108.7
31852,VAN NESS ST & CONNECTICUT AVE,VAN NESS-UDC METRO STATION,109.3
31810,MINNESOTA AVE STA & BUS BAY F,MINNESOTA AVE METRO STATION,109.5
40304,VIENNA STATION & BUS BAY H,VIENNA METRO STATION,109.6
29969,PG PLAZA STATION & BUS BAY D,PRINCE GEORGES PLAZA METRO STATION,109.7
7182,WISCONSIN AVE NW & TENLEY CIRCLE NW,TENLEYTOWN METRO STATION,111.3
28110,BELCREST RD & EAST-WEST HWY,PRINCE GEORGES PLAZA METRO STATION,111.5
5959,MINNESOTA AVE NE & GAULT PL NE,MINNESOTA AVE METRO STATION,111.7
28944,STADIUM ARMORY STATION & BUS BAY E,STADIUM ARMORY METRO STATION,112.9
6247,TENLEY CIRCLE & NEBRASKA AVE,TENLEYTOWN METRO STATION,112.9
29759,FT TOTTEN STATION & BUS BAY K,FORT TOTTEN METRO STATION,112.9
27019,8TH ST SE & D ST SE,EASTERN MARKET METRO STATION,115.0
41190,DUNN LORING STATION & BUS BAY E,DUNN LORING MERRIFIELD METRO STATION,115.6
41849,FRANCONIA-SPRGFLD STA. & BUS BAY C,FRANCONIA SPRINGFIELD METRO,116.2
29550,WEST HYATTSVILLE STATION & BUS BAY F,WEST HYATTSVILLE METRO STATION,116.3
29684,D ST & 9TH ST TUNNEL ENTR,L'ENFANT PLAZA METRO STATION,116.5
28906,SOUTHERN AVE SE & VALLEY TER SE,SOUTHERN AVE METRO STATION,117.4
28903,PENNSYLVANIA AVE SE & POTOMAC AVE SE,POTOMAC AVE METRO,117.7
29491,GREENBELT STATION & BUS BAY D,GREENBELT METRO STATION,118.4
28064,FRIENDSHIP HEIGHTS STATION & BUS BAY D,FRIENDSHIP HEIGHTS METRO STATION,118.6
28658,ADDISON RD STATION & BUS BAY B,ADDISON ROAD METRO STATION,119.0
29151,WEST FALLS CHURCH STATION & BUS BAY C,WEST FALLS CHURCH METRO,121.1
4899,CONNECTICUT AVE NW & 20TH ST NW,DUPONT CIRCLE METRO STATION,122.2
29767,FORT TOTTEN STATION & BUS BAY H,FORT TOTTEN METRO STATION,122.3
13555,7TH ST & E ST SW,L'ENFANT PLAZA METRO STATION,122.4
21011,GEORGIA AVE & FOREST GLEN RD,FOREST GLEN METRO STATION,122.7
7673,13TH ST NW & G ST NW,METRO CENTER METRO STATION,122.8
27314,MINNESOTA AVE STATION & BUS BAY G,MINNESOTA AVE METRO STATION,123.6
44278,TAKOMA STATION + BUS BAY B,TAKOMA METRO STATION,123.8
13712,7TH ST & C ST SW,L'ENFANT PLAZA METRO STATION,124.1
30125,FRANKLIN SQUARE & BUS BAY B,MCPHERSON SQ METRO STATION,124.4
29530,LARGO TOWN CENTER STATION & BUS BAY C,LARGO TOWN CENTER METRO STATION,125.7
42834,SOUTHERN AVE STATION & BUS BAY F,SOUTHERN AVE METRO STATION,125.7
31197,BENNING RD & EAST CAPITOL ST SE,BENNING RD METRO STATION,125.8
7117,WESTERN AVE & 44TH ST,FRIENDSHIP HEIGHTS METRO STATION,126.2
27005,7TH ST & E ST SW,L'ENFANT PLAZA METRO STATION,126.3
6509,PENNSYLVANIA AVE SE & POTOMAC AVE SE,POTOMAC AVE METRO,127.0
36826,WISCONSIN AVE NW & ALBEMARLE ST NW,TENLEYTOWN METRO STATION,128.0
8930,PENNSYLVANIA AVE SE & 8TH ST SE,EASTERN MARKET METRO STATION,130.0
29666,SUITLAND STATION & BAY J,SUITLAND METRO STATION,130.1
47134,PENTAGON TRANSIT CENTER + BUS BAY L3,PENTAGON METRO STATION,130.7
26964,POTOMAC AVE SE & 14TH ST SE,POTOMAC AVE METRO,131.1
7358,4TH ST & BUTTERNUT ST,TAKOMA METRO STATION,131.9
42928,ROCKVILLE STATION  + BUS BAY G,ROCKVILLE METRO STATION,131.9
8074,E BRADDOCK RD & MT VERNON AVE,BRADDOCK RD METRORAIL STATION,132.1
41191,DUNN LORING STATION & BUS BAY F,DUNN LORING MERRIFIELD METRO STATION,132.1
28943,STADIUM-ARMORY STATION & BUS BAY F,STADIUM ARMORY METRO STATION,132.8
6219,40TH ST NW & ALBEMARLE ST NW,TENLEYTOWN METRO STATION,133.8
4861,COLUMBIA RD NW & 14TH ST NW,COLUMBIA HEIGHTS METRO STATION,134.9
7485,7TH ST & H ST,GALLERY PLACE CHINATOWN METRO STATION,135.1
42922,S EADS ST + 18TH ST,CRYSTAL CITY METRO STATION,135.8
21030,GEORGIA AVE & FOREST GLEN RD,FOREST GLEN METRO STATION,135.8
5632,14TH ST & K ST,MCPHERSON SQ METRO STATION,136.3
5252,F ST & 11TH ST,METRO CENTER METRO STATION,136.4
21537,MONTGOMERY AVE & EAST LA,BETHESDA METRO STATION,137.1
29612,ADDISON RD STATION & BUS BAY A,ADDISON ROAD METRO STATION,137.2
21958,REEDIE DR & FERN ST,WHEATON METRO STATION,139.4
28671,GREENBELT STATION & BUS BAY C,GREENBELT METRO STATION,139.5
48238,HUNTINGTON STATION SOUTH - BUS BAY D,HUNTINGTON AV METRO STATION,140.8
27653,CONNECTICUT AVE & CALVERT ST,WOODLEY PARK-ZOO METRO STATION,141.5
5250,F ST NW & 13TH ST NW,METRO CENTER METRO STATION,143.3
3701,H ST NW & 14TH ST NW,MCPHERSON SQ METRO STATION,144.3
5505,11TH ST NW & H ST NW,METRO CENTER METRO STATION,144.8
31848,11TH ST NW & H ST NW,METRO CENTER METRO STATION,144.8
5242,F ST & 13TH ST,METRO CENTER METRO STATION,145.0
29543,LARGO TOWN CENTER STATION & BUS BAY B,LARGO TOWN CENTER METRO STATION,145.0
5972,MINNESOTA AVE NE & HAYES ST NE,MINNESOTA AVE METRO STATION,145.0
40006,WEST FALLS CHURCH STATION & BUS BAY E,WEST FALLS CHURCH METRO,145.4
6554,POTOMAC AVE SE & 15TH ST SE,POTOMAC AVE METRO,145.5
27403,K ST NW & 14TH ST NW,MCPHERSON SQ METRO STATION,146.6
31509,SUITLAND STATION & BUS BAY H,SUITLAND METRO STATION,147.3
7931,17TH ST & H ST,FARRAGUT WEST METRO STATION,147.6
27339,13TH ST NW & G ST NW,METRO CENTER METRO STATION,147.8
28839,VAN NESS ST & INTERNATIONAL DR (E),VAN NESS-UDC METRO STATION,148.5
5489,H ST NW & 7TH ST NW,GALLERY PLACE CHINATOWN METRO STATION,148.6
28751,TEXAS AVE SE & E CAPITOL ST SE,BENNING RD METRO STATION,149.2
41309,SOUTHERN AVE STATION & BUS BAY G,SOUTHERN AVE METRO STATION,149.7
27621,RHODE ISLAND AVE NE & #617,RHODE ISLAND METRO STATION,150.0
7466,7TH ST & R ST,SHAW METRO STATION,150.4
41192,DUNN LORING STATION & BUS BAY G,DUNN LORING MERRIFIELD METRO STATION,150.9
8920,SOUTHERN AVE & VALLEY TER SE,SOUTHERN AVE METRO STATION,152.5
7508,7TH ST & MARYLAND AVE,L'ENFANT PLAZA METRO STATION,152.8
28945,STADIUM-ARMORY & BUS BAY G,STADIUM ARMORY METRO STATION,153.4
6218,NEBRASKA AVE NW & NEBRASKA AVE NW,TENLEYTOWN METRO STATION,153.4
29322,PENTAGON TRANSIT CENTER & BUS BAY U2,PENTAGON METRO STATION,153.8
27286,N CAPITOL ST NW & E ST NE,UNION STATION METRO STATION,153.9
1836,U ST NW & 11TH ST NW,U STREET METRO STATION,154.7
8008,P ST & 20TH ST,DUPONT CIRCLE METRO STATION,155.1
27324,NORTH CAPITOL ST & MASSACHUSETTS AVE,UNION STATION METRO STATION,155.7
27927,CONNECTICUT AVE & VAN NESS ST,VAN NESS-UDC METRO STATION,155.7
4893,CONNECTICUT AVE NW & L ST NW,FARRAGUT NORTH METRO STATION,156.6
27329,N CAPITOL ST NE & MASSACHUSETTS AVE NE,UNION STATION METRO STATION,157.2
7963,18TH ST SE & INDEPENDENCE AVE SE,STADIUM ARMORY METRO STATION,158.2
48318,BONIFANT ST + DIXON AVE - STOP T3,SILVER SPRING METRO STATION,158.3
29685,D ST & 9TH ST TUNNEL ENTR,L'ENFANT PLAZA METRO STATION,158.6
29325,HUNTINGTON STATION (N) & BUS BAY J/K,HUNTINGTON AV METRO STATION,158.9
7743,14TH ST & COLUMBIA RD,COLUMBIA HEIGHTS METRO STATION,159.1
5768,SW M ST & SW 6TH ST,WATERFRONT METRO STATION,159.9
14616,H ST & 17TH ST,FARRAGUT WEST METRO STATION,159.9
4961,CONNECTICUT AVE NW & L ST NW,FARRAGUT NORTH METRO STATION,160.7
29257,WEST FALLS CHURCH STATION & BUS BAY A,WEST FALLS CHURCH METRO,160.7
36836,E ST NE & COLUMBUS CIRCLE,UNION STATION METRO STATION,161.2
7366,BUTTERNUT ST & 4TH ST,TAKOMA METRO STATION,161.4
5677,KENILWORTH AVE & POLK ST,DEANWOOD METRO STATION,162.5
27002,8TH ST SE & D ST SE,EASTERN MARKET METRO STATION,163.7
27409,K ST NW & 14TH ST NW,MCPHERSON SQ METRO STATION,163.7
6637,RHODE ISLAND AVE NE & 8TH PL NE,RHODE ISLAND METRO STATION,164.3
46760,HUNTINGTON STATION NORTH,HUNTINGTON AV METRO STATION,165.9
27408,K ST NW & 18TH ST NW (MAIN),FARRAGUT NORTH METRO STATION,166.4
28752,TEXAS AVE SE & E CAPITOL ST SE,BENNING RD METRO STATION,167.0
7694,13TH ST NW & F ST NW,METRO CENTER METRO STATION,167.9
6419,P ST & 20TH ST,DUPONT CIRCLE METRO STATION,168.0
41193,DUNN LORING STATION & BUS BAY H,DUNN LORING MERRIFIELD METRO STATION,168.3
3704,SILVER HILL RD & PARKWAY TERR DR,SUITLAND METRO STATION,168.3
7498,E ST SW & 7TH ST SW,L'ENFANT PLAZA METRO STATION,168.4
27925,CONNECTICUT AVE & VAN NESS ST,VAN NESS-UDC METRO STATION,169.0
27765,MONROE ST NE & 7TH ST NE,BROOKLAND-CUA METRO,169.3
4810,CALVERT ST & CONNECTICUT AVE,WOODLEY PARK-ZOO METRO STATION,170.0
5508,H ST NW & 7TH ST NW,GALLERY PLACE CHINATOWN METRO STATION,170.2
11560,PENDLETON ST & N WEST ST,BRADDOCK RD METRORAIL STATION,170.8
26704,MARTIN LUTHER KING JR AVE SE & HOWARD RD SE,ANACOSTIA METRO STATION,170.9
781,I ST & 15TH ST NW,MCPHERSON SQ METRO STATION,172.5
16058,NEW HAMPSHIRE AVE & SPRING RD,GEORGIA AVE PETWORTH STATION,172.6
5506,H ST NW & 11TH ST NW,METRO CENTER METRO STATION,173.0
29332,HUNTINGTON STATION & BUS BAY L,HUNTINGTON AV METRO STATION,173.4
7473,7TH ST & H ST,GALLERY PLACE CHINATOWN METRO STATION,173.7
48317,H ST + 17TH ST NW,FARRAGUT WEST METRO STATION,173.8
6448,PENNSYLVANIA AVE NW & 22ND ST NW,FOGGY BOTTOM METRO STATION,177.2
40210,MONROE ST NE & 7TH ST NE,BROOKLAND-CUA METRO,177.5
7970,I ST & 18TH ST NW,FARRAGUT WEST METRO STATION,178.2
21089,R ST NW & 7TH ST NW,SHAW METRO STATION,178.2
5498,H ST & 24TH ST,FOGGY BOTTOM METRO STATION,178.5
27262,COLUMBUS CIR NE & DELAWARE AVE NE,UNION STATION METRO STATION,179.5
6403,20TH ST NW & P ST NW,DUPONT CIRCLE METRO STATION,179.9
9759,P ST NW & HOPKINS ST NW,DUPONT CIRCLE METRO STATION,181.8
7464,7TH ST & T ST,SHAW METRO STATION,182.1
48319,BONIFANT ST + DIXON AVE - STOP T4,SILVER SPRING METRO STATION,182.6
30140,FLORIDA AVE NE & N ST NE,NOMA-GALLAUDET U (NEW YORK AVE) METRO STATION,183.0
6514,PENNSYLVANIA AVE SE & 6TH ST SE,EASTERN MARKET METRO STATION,183.1
42513,WISCONSIN AVE & ELM ST,BETHESDA METRO STATION,184.4
26923,M ST & 6TH ST SW,WATERFRONT METRO STATION,185.9
4756,18TH ST & I ST,FARRAGUT WEST METRO STATION,186.4
13439,20TH ST & CRYSTAL DR,CRYSTAL CITY METRO STATION,186.4
26703,M L KING AVE SE & HOWARD RD SE,ANACOSTIA METRO STATION,188.0
7727,14TH ST & K ST,MCPHERSON SQ METRO STATION,188.7
14606,9TH ST NW & G ST NW,GALLERY PLACE CHINATOWN METRO STATION,189.3
29740,EAST-WEST HWY & WAVERLY ST,BETHESDA METRO STATION,189.4
5637,18TH ST NW & K ST NW,FARRAGUT NORTH METRO STATION,190.5
27619,RHODE ISLAND AVE NE & #610,RHODE ISLAND METRO STATION,191.1
1839,U ST NW & 11TH ST NW,U STREET METRO STATION,191.8
29006,ALABAMA AVE SE & CONGRESS ST SE,CONGRESS HEIGHTS METRO STATION,192.5
39777,H ST NW & 11TH ST NW,METRO CENTER METRO STATION,192.9
5504,13TH ST NW & H ST NW,METRO CENTER METRO STATION,194.0
7082,FORT DR NW & ALBEMARLE ST NW,TENLEYTOWN METRO STATION,194.1
4582,BENNING RD NE & 44TH ST NE,BENNING RD METRO STATION,194.4
5955,MINNESOTA AVE NE & QUARLES ST NE,DEANWOOD METRO STATION,195.0
27381,FRANKLIN SQUARE & BUS BAY A,MCPHERSON SQ METRO STATION,195.3
5492,13TH ST NW & H ST NW,METRO CENTER METRO STATION,195.4
3624,CENTRAL AVE & SOPER LN,ADDISON ROAD METRO STATION,199.5
4804,CALVERT ST & SHOREHAM-AMERICANA,WOODLEY PARK-ZOO METRO STATION,199.9
