link_id,from_node_id,to_node_id,capacity,length,free_speed,ref_volume,arc_type,directed_route_id,route_short_name,link_type
1,1,1001,1000000000.0,0.01417151797,2.0,0.0,non_ride,1.1,Yellow-S,2
2,1,1002,1000000000.0,0.01417151797,2.0,0.0,non_ride,1.1,Yellow-S,2
3,1,1003,1000000000.0,0.01417151797,2.0,0.0,non_ride,1.1,Yellow-S,2
4,1,1114,1000000000.0,0.01417151797,2.0,0.0,non_ride,2.2,Yellow-N,2
5,1,1115,1000000000.0,0.01417151797,2.0,0.0,non_ride,2.2,Yellow-N,2
6,1,1116,1000000000.0,0.01417151797,2.0,0.0,non_ride,2.2,Yellow-N,2
7,1,1191,1000000000.0,0.01417151797,2.0,0.0,non_ride,3.2,Orange-N,2
8,1,1192,1000000000.0,0.01417151797,2.0,0.0,non_ride,3.2,Orange-N,2
9,1,1193,1000000000.0,0.01417151797,2.0,0.0,non_ride,3.2,Orange-N,2
10,1,1246,1000000000.0,0.01417151797,2.0,0.0,non_ride,4.1,Orange-S,2
11,1,1333,1000000000.0,0.01417151797,2.0,0.0,non_ride,7.1,Red-S,2
12,1,1357,1000000000.0,0.01417151797,2.0,0.0,non_ride,8.2,Red-N,2
13,2,1004,1000000000.0,0.014174341390000001,2.0,0.0,non_ride,1.1,Yellow-S,2
14,2,1005,1000000000.0,0.014174341390000001,2.0,0.0,non_ride,1.1,Yellow-S,2
15,2,1006,1000000000.0,0.014174341390000001,2.0,0.0,non_ride,1.1,Yellow-S,2
16,2,1076,1000000000.0,0.014174341390000001,2.0,0.0,non_ride,11.1,Blue-S,2
17,2,1094,1000000000.0,0.014174341390000001,2.0,0.0,non_ride,12.2,Blue-N,2
18,2,1117,1000000000.0,0.014174341390000001,2.0,0.0,non_ride,2.2,Yellow-N,2
19,2,1118,1000000000.0,0.014174341390000001,2.0,0.0,non_ride,2.2,Yellow-N,2
20,2,1119,1000000000.0,0.014174341390000001,2.0,0.0,non_ride,2.2,Yellow-N,2
21,2,1267,1000000000.0,0.014174341390000001,2.0,0.0,non_ride,5.1,Green-S,2
22,2,1268,1000000000.0,0.014174341390000001,2.0,0.0,non_ride,5.1,Green-S,2
23,2,1306,1000000000.0,0.014174341390000001,2.0,0.0,non_ride,6.2,Green-N,2
24,2,1334,1000000000.0,0.014174341390000001,2.0,0.0,non_ride,7.1,Red-S,2
25,2,1358,1000000000.0,0.014174341390000001,2.0,0.0,non_ride,8.2,Red-N,2
26,3,1007,1000000000.0,0.01417117953,2.0,0.0,non_ride,1.1,Yellow-S,2
27,3,1008,1000000000.0,0.01417117953,2.0,0.0,non_ride,1.1,Yellow-S,2
28,3,1009,1000000000.0,0.01417117953,2.0,0.0,non_ride,1.1,Yellow-S,2
29,3,1120,1000000000.0,0.01417117953,2.0,0.0,non_ride,2.2,Yellow-N,2
30,3,1121,1000000000.0,0.01417117953,2.0,0.0,non_ride,2.2,Yellow-N,2
31,3,1122,1000000000.0,0.01417117953,2.0,0.0,non_ride,2.2,Yellow-N,2
32,3,1194,1000000000.0,0.01417117953,2.0,0.0,non_ride,3.2,Orange-N,2
33,3,1195,1000000000.0,0.01417117953,2.0,0.0,non_ride,3.2,Orange-N,2
34,3,1196,1000000000.0,0.01417117953,2.0,0.0,non_ride,3.2,Orange-N,2
35,3,1247,1000000000.0,0.01417117953,2.0,0.0,non_ride,4.1,Orange-S,2
36,3,1335,1000000000.0,0.01417117953,2.0,0.0,non_ride,7.1,Red-S,2
37,3,1359,1000000000.0,0.01417117953,2.0,0.0,non_ride,8.2,Red-N,2
38,4,1010,1000000000.0,0.01417528137,2.0,0.0,non_ride,1.1,Yellow-S,2
39,4,1011,1000000000.0,0.01417528137,2.0,0.0,non_ride,1.1,Yellow-S,2
40,4,1012,1000000000.0,0.01417528137,2.0,0.0,non_ride,1.1,Yellow-S,2
41,4,1077,1000000000.0,0.01417528137,2.0,0.0,non_ride,11.1,Blue-S,2
42,4,1095,1000000000.0,0.01417528137,2.0,0.0,non_ride,12.2,Blue-N,2
43,4,1123,1000000000.0,0.01417528137,2.0,0.0,non_ride,2.2,Yellow-N,2
44,4,1124,1000000000.0,0.01417528137,2.0,0.0,non_ride,2.2,Yellow-N,2
45,4,1125,1000000000.0,0.01417528137,2.0,0.0,non_ride,2.2,Yellow-N,2
46,4,1269,1000000000.0,0.01417528137,2.0,0.0,non_ride,5.1,Green-S,2
47,4,1270,1000000000.0,0.01417528137,2.0,0.0,non_ride,5.1,Green-S,2
48,4,1307,1000000000.0,0.01417528137,2.0,0.0,non_ride,6.2,Green-N,2
49,4,1336,1000000000.0,0.01417528137,2.0,0.0,non_ride,7.1,Red-S,2
50,4,1360,1000000000.0,0.01417528137,2.0,0.0,non_ride,8.2,Red-N,2
51,5,1013,1000000000.0,0.014157343300000002,2.0,0.0,non_ride,1.1,Yellow-S,2
52,5,1126,1000000000.0,0.014157343300000002,2.0,0.0,non_ride,2.2,Yellow-N,2
53,5,1127,1000000000.0,0.014157343300000002,2.0,0.0,non_ride,2.2,Yellow-N,2
54,6,1197,1000000000.0,0.01416785892,2.0,0.0,non_ride,3.2,Orange-N,2
55,6,1198,1000000000.0,0.01416785892,2.0,0.0,non_ride,3.2,Orange-N,2
56,6,1199,1000000000.0,0.01416785892,2.0,0.0,non_ride,3.2,Orange-N,2
57,6,1248,1000000000.0,0.01416785892,2.0,0.0,non_ride,4.1,Orange-S,2
58,6,1337,1000000000.0,0.01416785892,2.0,0.0,non_ride,7.1,Red-S,2
59,6,1361,1000000000.0,0.01416785892,2.0,0.0,non_ride,8.2,Red-N,2
60,7,1014,1000000000.0,0.01417754066,2.0,0.0,non_ride,1.1,Yellow-S,2
61,7,1015,1000000000.0,0.01417754066,2.0,0.0,non_ride,1.1,Yellow-S,2
62,7,1016,1000000000.0,0.01417754066,2.0,0.0,non_ride,1.1,Yellow-S,2
63,7,1078,1000000000.0,0.01417754066,2.0,0.0,non_ride,11.1,Blue-S,2
64,7,1096,1000000000.0,0.01417754066,2.0,0.0,non_ride,12.2,Blue-N,2
65,7,1128,1000000000.0,0.01417754066,2.0,0.0,non_ride,2.2,Yellow-N,2
66,7,1129,1000000000.0,0.01417754066,2.0,0.0,non_ride,2.2,Yellow-N,2
67,7,1130,1000000000.0,0.01417754066,2.0,0.0,non_ride,2.2,Yellow-N,2
68,7,1271,1000000000.0,0.01417754066,2.0,0.0,non_ride,5.1,Green-S,2
69,7,1272,1000000000.0,0.01417754066,2.0,0.0,non_ride,5.1,Green-S,2
70,7,1308,1000000000.0,0.01417754066,2.0,0.0,non_ride,6.2,Green-N,2
71,7,1338,1000000000.0,0.01417754066,2.0,0.0,non_ride,7.1,Red-S,2
72,7,1362,1000000000.0,0.01417754066,2.0,0.0,non_ride,8.2,Red-N,2
73,8,1079,1000000000.0,0.01417936864,2.0,0.0,non_ride,11.1,Blue-S,2
74,8,1097,1000000000.0,0.01417936864,2.0,0.0,non_ride,12.2,Blue-N,2
75,8,1200,1000000000.0,0.01417936864,2.0,0.0,non_ride,3.2,Orange-N,2
76,8,1201,1000000000.0,0.01417936864,2.0,0.0,non_ride,3.2,Orange-N,2
77,8,1202,1000000000.0,0.01417936864,2.0,0.0,non_ride,3.2,Orange-N,2
78,8,1249,1000000000.0,0.01417936864,2.0,0.0,non_ride,4.1,Orange-S,2
79,8,1273,1000000000.0,0.01417936864,2.0,0.0,non_ride,5.1,Green-S,2
80,8,1274,1000000000.0,0.01417936864,2.0,0.0,non_ride,5.1,Green-S,2
81,8,1309,1000000000.0,0.01417936864,2.0,0.0,non_ride,6.2,Green-N,2
82,9,1203,1000000000.0,0.01420349683,2.0,0.0,non_ride,3.2,Orange-N,2
83,9,1250,1000000000.0,0.01420349683,2.0,0.0,non_ride,4.1,Orange-S,2
84,9,1275,1000000000.0,0.01420349683,2.0,0.0,non_ride,5.1,Green-S,2
85,9,1310,1000000000.0,0.01420349683,2.0,0.0,non_ride,6.2,Green-N,2
86,9,1311,1000000000.0,0.01420349683,2.0,0.0,non_ride,6.2,Green-N,2
87,10,1080,1000000000.0,0.01417982237,2.0,0.0,non_ride,11.1,Blue-S,2
88,10,1098,1000000000.0,0.01417982237,2.0,0.0,non_ride,12.2,Blue-N,2
89,11,1017,1000000000.0,0.01417328917,2.0,0.0,non_ride,1.1,Yellow-S,2
90,11,1018,1000000000.0,0.01417328917,2.0,0.0,non_ride,1.1,Yellow-S,2
91,11,1019,1000000000.0,0.01417328917,2.0,0.0,non_ride,1.1,Yellow-S,2
92,11,1081,1000000000.0,0.01417328917,2.0,0.0,non_ride,11.1,Blue-S,2
93,11,1099,1000000000.0,0.01417328917,2.0,0.0,non_ride,12.2,Blue-N,2
94,11,1131,1000000000.0,0.01417328917,2.0,0.0,non_ride,2.2,Yellow-N,2
95,11,1132,1000000000.0,0.01417328917,2.0,0.0,non_ride,2.2,Yellow-N,2
96,11,1133,1000000000.0,0.01417328917,2.0,0.0,non_ride,2.2,Yellow-N,2
97,11,1276,1000000000.0,0.01417328917,2.0,0.0,non_ride,5.1,Green-S,2
98,11,1277,1000000000.0,0.01417328917,2.0,0.0,non_ride,5.1,Green-S,2
99,11,1312,1000000000.0,0.01417328917,2.0,0.0,non_ride,6.2,Green-N,2
100,11,1339,1000000000.0,0.01417328917,2.0,0.0,non_ride,7.1,Red-S,2
101,11,1363,1000000000.0,0.01417328917,2.0,0.0,non_ride,8.2,Red-N,2
102,12,1020,1000000000.0,0.01418027399,2.0,0.0,non_ride,1.1,Yellow-S,2
103,12,1021,1000000000.0,0.01418027399,2.0,0.0,non_ride,1.1,Yellow-S,2
104,12,1022,1000000000.0,0.01418027399,2.0,0.0,non_ride,1.1,Yellow-S,2
105,12,1134,1000000000.0,0.01418027399,2.0,0.0,non_ride,2.2,Yellow-N,2
106,12,1135,1000000000.0,0.01418027399,2.0,0.0,non_ride,2.2,Yellow-N,2
107,12,1340,1000000000.0,0.01418027399,2.0,0.0,non_ride,7.1,Red-S,2
108,12,1364,1000000000.0,0.01418027399,2.0,0.0,non_ride,8.2,Red-N,2
109,13,1082,1000000000.0,0.01417519427,2.0,0.0,non_ride,11.1,Blue-S,2
110,13,1100,1000000000.0,0.01417519427,2.0,0.0,non_ride,12.2,Blue-N,2
111,13,1112,1000000000.0,0.01417519427,2.0,0.0,non_ride,19.2,Beige-N,2
112,13,1189,1000000000.0,0.01417519427,2.0,0.0,non_ride,20.1,Beige-S,2
113,13,1204,1000000000.0,0.01417519427,2.0,0.0,non_ride,3.2,Orange-N,2
114,13,1205,1000000000.0,0.01417519427,2.0,0.0,non_ride,3.2,Orange-N,2
115,13,1206,1000000000.0,0.01417519427,2.0,0.0,non_ride,3.2,Orange-N,2
116,13,1251,1000000000.0,0.01417519427,2.0,0.0,non_ride,4.1,Orange-S,2
117,13,1278,1000000000.0,0.01417519427,2.0,0.0,non_ride,5.1,Green-S,2
118,13,1279,1000000000.0,0.01417519427,2.0,0.0,non_ride,5.1,Green-S,2
119,13,1313,1000000000.0,0.01417519427,2.0,0.0,non_ride,6.2,Green-N,2
120,14,1023,1000000000.0,0.01415894342,2.0,0.0,non_ride,1.1,Yellow-S,2
121,14,1024,1000000000.0,0.01415894342,2.0,0.0,non_ride,1.1,Yellow-S,2
122,14,1025,1000000000.0,0.01415894342,2.0,0.0,non_ride,1.1,Yellow-S,2
123,14,1136,1000000000.0,0.01415894342,2.0,0.0,non_ride,2.2,Yellow-N,2
124,14,1137,1000000000.0,0.01415894342,2.0,0.0,non_ride,2.2,Yellow-N,2
125,14,1138,1000000000.0,0.01415894342,2.0,0.0,non_ride,2.2,Yellow-N,2
126,15,1026,1000000000.0,0.01417867891,2.0,0.0,non_ride,1.1,Yellow-S,2
127,15,1027,1000000000.0,0.01417867891,2.0,0.0,non_ride,1.1,Yellow-S,2
128,15,1028,1000000000.0,0.01417867891,2.0,0.0,non_ride,1.1,Yellow-S,2
129,15,1083,1000000000.0,0.01417867891,2.0,0.0,non_ride,11.1,Blue-S,2
130,15,1101,1000000000.0,0.01417867891,2.0,0.0,non_ride,12.2,Blue-N,2
131,15,1139,1000000000.0,0.01417867891,2.0,0.0,non_ride,2.2,Yellow-N,2
132,15,1140,1000000000.0,0.01417867891,2.0,0.0,non_ride,2.2,Yellow-N,2
133,15,1141,1000000000.0,0.01417867891,2.0,0.0,non_ride,2.2,Yellow-N,2
134,15,1280,1000000000.0,0.01417867891,2.0,0.0,non_ride,5.1,Green-S,2
135,15,1281,1000000000.0,0.01417867891,2.0,0.0,non_ride,5.1,Green-S,2
136,15,1314,1000000000.0,0.01417867891,2.0,0.0,non_ride,6.2,Green-N,2
137,15,1341,1000000000.0,0.01417867891,2.0,0.0,non_ride,7.1,Red-S,2
138,15,1365,1000000000.0,0.01417867891,2.0,0.0,non_ride,8.2,Red-N,2
139,16,1207,1000000000.0,0.01416660063,2.0,0.0,non_ride,3.2,Orange-N,2
140,16,1208,1000000000.0,0.01416660063,2.0,0.0,non_ride,3.2,Orange-N,2
141,16,1209,1000000000.0,0.01416660063,2.0,0.0,non_ride,3.2,Orange-N,2
142,16,1252,1000000000.0,0.01416660063,2.0,0.0,non_ride,4.1,Orange-S,2
143,16,1342,1000000000.0,0.01416660063,2.0,0.0,non_ride,7.1,Red-S,2
144,16,1366,1000000000.0,0.01416660063,2.0,0.0,non_ride,8.2,Red-N,2
145,17,1210,1000000000.0,0.01416253259,2.0,0.0,non_ride,3.2,Orange-N,2
146,17,1211,1000000000.0,0.01416253259,2.0,0.0,non_ride,3.2,Orange-N,2
147,17,1212,1000000000.0,0.01416253259,2.0,0.0,non_ride,3.2,Orange-N,2
148,17,1253,1000000000.0,0.01416253259,2.0,0.0,non_ride,4.1,Orange-S,2
149,17,1343,1000000000.0,0.01416253259,2.0,0.0,non_ride,7.1,Red-S,2
150,17,1367,1000000000.0,0.01416253259,2.0,0.0,non_ride,8.2,Red-N,2
151,18,1084,1000000000.0,0.01417901856,2.0,0.0,non_ride,11.1,Blue-S,2
152,18,1102,1000000000.0,0.01417901856,2.0,0.0,non_ride,12.2,Blue-N,2
153,19,1029,1000000000.0,0.01417230569,2.0,0.0,non_ride,1.1,Yellow-S,2
154,19,1030,1000000000.0,0.01417230569,2.0,0.0,non_ride,1.1,Yellow-S,2
155,19,1031,1000000000.0,0.01417230569,2.0,0.0,non_ride,1.1,Yellow-S,2
156,19,1085,1000000000.0,0.01417230569,2.0,0.0,non_ride,11.1,Blue-S,2
157,19,1103,1000000000.0,0.01417230569,2.0,0.0,non_ride,12.2,Blue-N,2
158,19,1142,1000000000.0,0.01417230569,2.0,0.0,non_ride,2.2,Yellow-N,2
159,19,1143,1000000000.0,0.01417230569,2.0,0.0,non_ride,2.2,Yellow-N,2
160,19,1144,1000000000.0,0.01417230569,2.0,0.0,non_ride,2.2,Yellow-N,2
161,19,1282,1000000000.0,0.01417230569,2.0,0.0,non_ride,5.1,Green-S,2
162,19,1283,1000000000.0,0.01417230569,2.0,0.0,non_ride,5.1,Green-S,2
163,19,1315,1000000000.0,0.01417230569,2.0,0.0,non_ride,6.2,Green-N,2
164,19,1344,1000000000.0,0.01417230569,2.0,0.0,non_ride,7.1,Red-S,2
165,19,1368,1000000000.0,0.01417230569,2.0,0.0,non_ride,8.2,Red-N,2
166,20,1213,1000000000.0,0.01418962514,2.0,0.0,non_ride,3.2,Orange-N,2
167,20,1214,1000000000.0,0.01418962514,2.0,0.0,non_ride,3.2,Orange-N,2
168,20,1254,1000000000.0,0.01418962514,2.0,0.0,non_ride,4.1,Orange-S,2
169,20,1284,1000000000.0,0.01418962514,2.0,0.0,non_ride,5.1,Green-S,2
170,20,1316,1000000000.0,0.01418962514,2.0,0.0,non_ride,6.2,Green-N,2
171,20,1317,1000000000.0,0.01418962514,2.0,0.0,non_ride,6.2,Green-N,2
172,21,1086,1000000000.0,0.01417362659,2.0,0.0,non_ride,11.1,Blue-S,2
173,21,1104,1000000000.0,0.01417362659,2.0,0.0,non_ride,12.2,Blue-N,2
174,21,1215,1000000000.0,0.01417362659,2.0,0.0,non_ride,3.2,Orange-N,2
175,21,1216,1000000000.0,0.01417362659,2.0,0.0,non_ride,3.2,Orange-N,2
176,21,1217,1000000000.0,0.01417362659,2.0,0.0,non_ride,3.2,Orange-N,2
177,21,1255,1000000000.0,0.01417362659,2.0,0.0,non_ride,4.1,Orange-S,2
178,21,1285,1000000000.0,0.01417362659,2.0,0.0,non_ride,5.1,Green-S,2
179,21,1286,1000000000.0,0.01417362659,2.0,0.0,non_ride,5.1,Green-S,2
180,21,1318,1000000000.0,0.01417362659,2.0,0.0,non_ride,6.2,Green-N,2
181,22,1032,1000000000.0,0.01417669266,2.0,0.0,non_ride,1.1,Yellow-S,2
182,22,1033,1000000000.0,0.01417669266,2.0,0.0,non_ride,1.1,Yellow-S,2
183,22,1034,1000000000.0,0.01417669266,2.0,0.0,non_ride,1.1,Yellow-S,2
184,22,1087,1000000000.0,0.01417669266,2.0,0.0,non_ride,11.1,Blue-S,2
185,22,1105,1000000000.0,0.01417669266,2.0,0.0,non_ride,12.2,Blue-N,2
186,22,1145,1000000000.0,0.01417669266,2.0,0.0,non_ride,2.2,Yellow-N,2
187,22,1146,1000000000.0,0.01417669266,2.0,0.0,non_ride,2.2,Yellow-N,2
188,22,1147,1000000000.0,0.01417669266,2.0,0.0,non_ride,2.2,Yellow-N,2
189,22,1287,1000000000.0,0.01417669266,2.0,0.0,non_ride,5.1,Green-S,2
190,22,1288,1000000000.0,0.01417669266,2.0,0.0,non_ride,5.1,Green-S,2
191,22,1319,1000000000.0,0.01417669266,2.0,0.0,non_ride,6.2,Green-N,2
192,22,1345,1000000000.0,0.01417669266,2.0,0.0,non_ride,7.1,Red-S,2
193,22,1369,1000000000.0,0.01417669266,2.0,0.0,non_ride,8.2,Red-N,2
194,23,1218,1000000000.0,0.01418137168,2.0,0.0,non_ride,3.2,Orange-N,2
195,23,1219,1000000000.0,0.01418137168,2.0,0.0,non_ride,3.2,Orange-N,2
196,23,1220,1000000000.0,0.01418137168,2.0,0.0,non_ride,3.2,Orange-N,2
197,23,1256,1000000000.0,0.01418137168,2.0,0.0,non_ride,4.1,Orange-S,2
198,23,1289,1000000000.0,0.01418137168,2.0,0.0,non_ride,5.1,Green-S,2
199,23,1290,1000000000.0,0.01418137168,2.0,0.0,non_ride,5.1,Green-S,2
200,23,1320,1000000000.0,0.01418137168,2.0,0.0,non_ride,6.2,Green-N,2
201,24,1035,1000000000.0,0.014164894950000001,2.0,0.0,non_ride,1.1,Yellow-S,2
202,24,1036,1000000000.0,0.014164894950000001,2.0,0.0,non_ride,1.1,Yellow-S,2
203,24,1037,1000000000.0,0.014164894950000001,2.0,0.0,non_ride,1.1,Yellow-S,2
204,24,1148,1000000000.0,0.014164894950000001,2.0,0.0,non_ride,2.2,Yellow-N,2
205,24,1149,1000000000.0,0.014164894950000001,2.0,0.0,non_ride,2.2,Yellow-N,2
206,24,1150,1000000000.0,0.014164894950000001,2.0,0.0,non_ride,2.2,Yellow-N,2
207,25,1088,1000000000.0,0.01417196884,2.0,0.0,non_ride,11.1,Blue-S,2
208,25,1106,1000000000.0,0.01417196884,2.0,0.0,non_ride,12.2,Blue-N,2
209,25,1221,1000000000.0,0.01417196884,2.0,0.0,non_ride,3.2,Orange-N,2
210,25,1222,1000000000.0,0.01417196884,2.0,0.0,non_ride,3.2,Orange-N,2
211,25,1223,1000000000.0,0.01417196884,2.0,0.0,non_ride,3.2,Orange-N,2
212,25,1257,1000000000.0,0.01417196884,2.0,0.0,non_ride,4.1,Orange-S,2
213,25,1291,1000000000.0,0.01417196884,2.0,0.0,non_ride,5.1,Green-S,2
214,25,1292,1000000000.0,0.01417196884,2.0,0.0,non_ride,5.1,Green-S,2
215,25,1321,1000000000.0,0.01417196884,2.0,0.0,non_ride,6.2,Green-N,2
216,26,1038,1000000000.0,0.01416964863,2.0,0.0,non_ride,1.1,Yellow-S,2
217,26,1039,1000000000.0,0.01416964863,2.0,0.0,non_ride,1.1,Yellow-S,2
218,26,1040,1000000000.0,0.01416964863,2.0,0.0,non_ride,1.1,Yellow-S,2
219,26,1151,1000000000.0,0.01416964863,2.0,0.0,non_ride,2.2,Yellow-N,2
220,26,1152,1000000000.0,0.01416964863,2.0,0.0,non_ride,2.2,Yellow-N,2
221,26,1153,1000000000.0,0.01416964863,2.0,0.0,non_ride,2.2,Yellow-N,2
222,26,1224,1000000000.0,0.01416964863,2.0,0.0,non_ride,3.2,Orange-N,2
223,26,1225,1000000000.0,0.01416964863,2.0,0.0,non_ride,3.2,Orange-N,2
224,26,1226,1000000000.0,0.01416964863,2.0,0.0,non_ride,3.2,Orange-N,2
225,26,1258,1000000000.0,0.01416964863,2.0,0.0,non_ride,4.1,Orange-S,2
226,26,1346,1000000000.0,0.01416964863,2.0,0.0,non_ride,7.1,Red-S,2
227,26,1370,1000000000.0,0.01416964863,2.0,0.0,non_ride,8.2,Red-N,2
228,27,1347,1000000000.0,0.01418648722,2.0,0.0,non_ride,7.1,Red-S,2
229,27,1371,1000000000.0,0.01418648722,2.0,0.0,non_ride,8.2,Red-N,2
230,28,1227,1000000000.0,0.01420046616,2.0,0.0,non_ride,3.2,Orange-N,2
231,28,1259,1000000000.0,0.01420046616,2.0,0.0,non_ride,4.1,Orange-S,2
232,28,1293,1000000000.0,0.01420046616,2.0,0.0,non_ride,5.1,Green-S,2
233,28,1322,1000000000.0,0.01420046616,2.0,0.0,non_ride,6.2,Green-N,2
234,28,1323,1000000000.0,0.01420046616,2.0,0.0,non_ride,6.2,Green-N,2
235,29,1041,1000000000.0,0.014172569360000001,2.0,0.0,non_ride,1.1,Yellow-S,2
236,29,1042,1000000000.0,0.014172569360000001,2.0,0.0,non_ride,1.1,Yellow-S,2
237,29,1043,1000000000.0,0.014172569360000001,2.0,0.0,non_ride,1.1,Yellow-S,2
238,29,1089,1000000000.0,0.014172569360000001,2.0,0.0,non_ride,11.1,Blue-S,2
239,29,1107,1000000000.0,0.014172569360000001,2.0,0.0,non_ride,12.2,Blue-N,2
240,29,1154,1000000000.0,0.014172569360000001,2.0,0.0,non_ride,2.2,Yellow-N,2
241,29,1155,1000000000.0,0.014172569360000001,2.0,0.0,non_ride,2.2,Yellow-N,2
242,29,1156,1000000000.0,0.014172569360000001,2.0,0.0,non_ride,2.2,Yellow-N,2
243,29,1294,1000000000.0,0.014172569360000001,2.0,0.0,non_ride,5.1,Green-S,2
244,29,1295,1000000000.0,0.014172569360000001,2.0,0.0,non_ride,5.1,Green-S,2
245,29,1324,1000000000.0,0.014172569360000001,2.0,0.0,non_ride,6.2,Green-N,2
246,29,1348,1000000000.0,0.014172569360000001,2.0,0.0,non_ride,7.1,Red-S,2
247,29,1372,1000000000.0,0.014172569360000001,2.0,0.0,non_ride,8.2,Red-N,2
248,30,1228,1000000000.0,0.01416631163,2.0,0.0,non_ride,3.2,Orange-N,2
249,30,1229,1000000000.0,0.01416631163,2.0,0.0,non_ride,3.2,Orange-N,2
250,30,1230,1000000000.0,0.01416631163,2.0,0.0,non_ride,3.2,Orange-N,2
251,30,1260,1000000000.0,0.01416631163,2.0,0.0,non_ride,4.1,Orange-S,2
252,30,1349,1000000000.0,0.01416631163,2.0,0.0,non_ride,7.1,Red-S,2
253,30,1373,1000000000.0,0.01416631163,2.0,0.0,non_ride,8.2,Red-N,2
254,31,1044,1000000000.0,0.014156752279999999,2.0,0.0,non_ride,1.1,Yellow-S,2
255,31,1045,1000000000.0,0.014156752279999999,2.0,0.0,non_ride,1.1,Yellow-S,2
256,31,1157,1000000000.0,0.014156752279999999,2.0,0.0,non_ride,2.2,Yellow-N,2
257,31,1158,1000000000.0,0.014156752279999999,2.0,0.0,non_ride,2.2,Yellow-N,2
258,31,1159,1000000000.0,0.014156752279999999,2.0,0.0,non_ride,2.2,Yellow-N,2
259,32,1113,1000000000.0,0.0141781669,2.0,0.0,non_ride,19.2,Beige-N,2
260,32,1190,1000000000.0,0.0141781669,2.0,0.0,non_ride,20.1,Beige-S,2
261,33,1046,1000000000.0,0.01416598156,2.0,0.0,non_ride,1.1,Yellow-S,2
262,33,1047,1000000000.0,0.01416598156,2.0,0.0,non_ride,1.1,Yellow-S,2
263,33,1048,1000000000.0,0.01416598156,2.0,0.0,non_ride,1.1,Yellow-S,2
264,33,1160,1000000000.0,0.01416598156,2.0,0.0,non_ride,2.2,Yellow-N,2
265,33,1161,1000000000.0,0.01416598156,2.0,0.0,non_ride,2.2,Yellow-N,2
266,33,1162,1000000000.0,0.01416598156,2.0,0.0,non_ride,2.2,Yellow-N,2
267,34,1049,1000000000.0,0.0141557563,2.0,0.0,non_ride,1.1,Yellow-S,2
268,34,1163,1000000000.0,0.0141557563,2.0,0.0,non_ride,2.2,Yellow-N,2
269,34,1164,1000000000.0,0.0141557563,2.0,0.0,non_ride,2.2,Yellow-N,2
270,35,1050,1000000000.0,0.0141622919,2.0,0.0,non_ride,1.1,Yellow-S,2
271,35,1051,1000000000.0,0.0141622919,2.0,0.0,non_ride,1.1,Yellow-S,2
272,35,1052,1000000000.0,0.0141622919,2.0,0.0,non_ride,1.1,Yellow-S,2
273,35,1165,1000000000.0,0.0141622919,2.0,0.0,non_ride,2.2,Yellow-N,2
274,35,1166,1000000000.0,0.0141622919,2.0,0.0,non_ride,2.2,Yellow-N,2
275,35,1167,1000000000.0,0.0141622919,2.0,0.0,non_ride,2.2,Yellow-N,2
276,36,1053,1000000000.0,0.014155602659999999,2.0,0.0,non_ride,1.1,Yellow-S,2
277,36,1054,1000000000.0,0.014155602659999999,2.0,0.0,non_ride,1.1,Yellow-S,2
278,36,1168,1000000000.0,0.014155602659999999,2.0,0.0,non_ride,2.2,Yellow-N,2
279,36,1169,1000000000.0,0.014155602659999999,2.0,0.0,non_ride,2.2,Yellow-N,2
280,36,1170,1000000000.0,0.014155602659999999,2.0,0.0,non_ride,2.2,Yellow-N,2
281,37,1231,1000000000.0,0.01416419983,2.0,0.0,non_ride,3.2,Orange-N,2
282,37,1232,1000000000.0,0.01416419983,2.0,0.0,non_ride,3.2,Orange-N,2
283,37,1233,1000000000.0,0.01416419983,2.0,0.0,non_ride,3.2,Orange-N,2
284,37,1261,1000000000.0,0.01416419983,2.0,0.0,non_ride,4.1,Orange-S,2
285,37,1350,1000000000.0,0.01416419983,2.0,0.0,non_ride,7.1,Red-S,2
286,37,1374,1000000000.0,0.01416419983,2.0,0.0,non_ride,8.2,Red-N,2
287,38,1055,1000000000.0,0.01417290616,2.0,0.0,non_ride,1.1,Yellow-S,2
288,38,1056,1000000000.0,0.01417290616,2.0,0.0,non_ride,1.1,Yellow-S,2
289,38,1057,1000000000.0,0.01417290616,2.0,0.0,non_ride,1.1,Yellow-S,2
290,38,1090,1000000000.0,0.01417290616,2.0,0.0,non_ride,11.1,Blue-S,2
291,38,1108,1000000000.0,0.01417290616,2.0,0.0,non_ride,12.2,Blue-N,2
292,38,1171,1000000000.0,0.01417290616,2.0,0.0,non_ride,2.2,Yellow-N,2
293,38,1172,1000000000.0,0.01417290616,2.0,0.0,non_ride,2.2,Yellow-N,2
294,38,1173,1000000000.0,0.01417290616,2.0,0.0,non_ride,2.2,Yellow-N,2
295,38,1296,1000000000.0,0.01417290616,2.0,0.0,non_ride,5.1,Green-S,2
296,38,1297,1000000000.0,0.01417290616,2.0,0.0,non_ride,5.1,Green-S,2
297,38,1325,1000000000.0,0.01417290616,2.0,0.0,non_ride,6.2,Green-N,2
298,38,1351,1000000000.0,0.01417290616,2.0,0.0,non_ride,7.1,Red-S,2
299,38,1375,1000000000.0,0.01417290616,2.0,0.0,non_ride,8.2,Red-N,2
300,39,1234,1000000000.0,0.014161676310000001,2.0,0.0,non_ride,3.2,Orange-N,2
301,39,1235,1000000000.0,0.014161676310000001,2.0,0.0,non_ride,3.2,Orange-N,2
302,39,1236,1000000000.0,0.014161676310000001,2.0,0.0,non_ride,3.2,Orange-N,2
303,39,1262,1000000000.0,0.014161676310000001,2.0,0.0,non_ride,4.1,Orange-S,2
304,39,1352,1000000000.0,0.014161676310000001,2.0,0.0,non_ride,7.1,Red-S,2
305,39,1376,1000000000.0,0.014161676310000001,2.0,0.0,non_ride,8.2,Red-N,2
306,40,1058,1000000000.0,0.01416846951,2.0,0.0,non_ride,1.1,Yellow-S,2
307,40,1059,1000000000.0,0.01416846951,2.0,0.0,non_ride,1.1,Yellow-S,2
308,40,1060,1000000000.0,0.01416846951,2.0,0.0,non_ride,1.1,Yellow-S,2
309,40,1174,1000000000.0,0.01416846951,2.0,0.0,non_ride,2.2,Yellow-N,2
310,40,1175,1000000000.0,0.01416846951,2.0,0.0,non_ride,2.2,Yellow-N,2
311,40,1176,1000000000.0,0.01416846951,2.0,0.0,non_ride,2.2,Yellow-N,2
312,41,1091,1000000000.0,0.01417753712,2.0,0.0,non_ride,11.1,Blue-S,2
313,41,1109,1000000000.0,0.01417753712,2.0,0.0,non_ride,12.2,Blue-N,2
314,41,1237,1000000000.0,0.01417753712,2.0,0.0,non_ride,3.2,Orange-N,2
315,41,1238,1000000000.0,0.01417753712,2.0,0.0,non_ride,3.2,Orange-N,2
316,41,1239,1000000000.0,0.01417753712,2.0,0.0,non_ride,3.2,Orange-N,2
317,41,1263,1000000000.0,0.01417753712,2.0,0.0,non_ride,4.1,Orange-S,2
318,41,1298,1000000000.0,0.01417753712,2.0,0.0,non_ride,5.1,Green-S,2
319,41,1299,1000000000.0,0.01417753712,2.0,0.0,non_ride,5.1,Green-S,2
320,41,1326,1000000000.0,0.01417753712,2.0,0.0,non_ride,6.2,Green-N,2
321,42,1061,1000000000.0,0.01418372739,2.0,0.0,non_ride,1.1,Yellow-S,2
322,42,1062,1000000000.0,0.01418372739,2.0,0.0,non_ride,1.1,Yellow-S,2
323,42,1063,1000000000.0,0.01418372739,2.0,0.0,non_ride,1.1,Yellow-S,2
324,42,1177,1000000000.0,0.01418372739,2.0,0.0,non_ride,2.2,Yellow-N,2
325,42,1178,1000000000.0,0.01418372739,2.0,0.0,non_ride,2.2,Yellow-N,2
326,42,1353,1000000000.0,0.01418372739,2.0,0.0,non_ride,7.1,Red-S,2
327,42,1377,1000000000.0,0.01418372739,2.0,0.0,non_ride,8.2,Red-N,2
328,43,1064,1000000000.0,0.01418532348,2.0,0.0,non_ride,1.1,Yellow-S,2
329,43,1065,1000000000.0,0.01418532348,2.0,0.0,non_ride,1.1,Yellow-S,2
330,43,1066,1000000000.0,0.01418532348,2.0,0.0,non_ride,1.1,Yellow-S,2
331,43,1179,1000000000.0,0.01418532348,2.0,0.0,non_ride,2.2,Yellow-N,2
332,43,1180,1000000000.0,0.01418532348,2.0,0.0,non_ride,2.2,Yellow-N,2
333,43,1354,1000000000.0,0.01418532348,2.0,0.0,non_ride,7.1,Red-S,2
334,43,1378,1000000000.0,0.01418532348,2.0,0.0,non_ride,8.2,Red-N,2
335,44,1240,1000000000.0,0.01418397438,2.0,0.0,non_ride,3.2,Orange-N,2
336,44,1241,1000000000.0,0.01418397438,2.0,0.0,non_ride,3.2,Orange-N,2
337,44,1242,1000000000.0,0.01418397438,2.0,0.0,non_ride,3.2,Orange-N,2
338,44,1264,1000000000.0,0.01418397438,2.0,0.0,non_ride,4.1,Orange-S,2
339,44,1300,1000000000.0,0.01418397438,2.0,0.0,non_ride,5.1,Green-S,2
340,44,1301,1000000000.0,0.01418397438,2.0,0.0,non_ride,5.1,Green-S,2
341,44,1327,1000000000.0,0.01418397438,2.0,0.0,non_ride,6.2,Green-N,2
342,45,1067,1000000000.0,0.01418176134,2.0,0.0,non_ride,1.1,Yellow-S,2
343,45,1068,1000000000.0,0.01418176134,2.0,0.0,non_ride,1.1,Yellow-S,2
344,45,1069,1000000000.0,0.01418176134,2.0,0.0,non_ride,1.1,Yellow-S,2
345,45,1181,1000000000.0,0.01418176134,2.0,0.0,non_ride,2.2,Yellow-N,2
346,45,1182,1000000000.0,0.01418176134,2.0,0.0,non_ride,2.2,Yellow-N,2
347,45,1355,1000000000.0,0.01418176134,2.0,0.0,non_ride,7.1,Red-S,2
348,45,1379,1000000000.0,0.01418176134,2.0,0.0,non_ride,8.2,Red-N,2
349,46,1243,1000000000.0,0.014187180899999999,2.0,0.0,non_ride,3.2,Orange-N,2
350,46,1244,1000000000.0,0.014187180899999999,2.0,0.0,non_ride,3.2,Orange-N,2
351,46,1265,1000000000.0,0.014187180899999999,2.0,0.0,non_ride,4.1,Orange-S,2
352,46,1302,1000000000.0,0.014187180899999999,2.0,0.0,non_ride,5.1,Green-S,2
353,46,1328,1000000000.0,0.014187180899999999,2.0,0.0,non_ride,6.2,Green-N,2
354,46,1329,1000000000.0,0.014187180899999999,2.0,0.0,non_ride,6.2,Green-N,2
355,47,1245,1000000000.0,0.014193680560000001,2.0,0.0,non_ride,3.2,Orange-N,2
356,47,1266,1000000000.0,0.014193680560000001,2.0,0.0,non_ride,4.1,Orange-S,2
357,47,1303,1000000000.0,0.014193680560000001,2.0,0.0,non_ride,5.1,Green-S,2
358,47,1330,1000000000.0,0.014193680560000001,2.0,0.0,non_ride,6.2,Green-N,2
359,47,1331,1000000000.0,0.014193680560000001,2.0,0.0,non_ride,6.2,Green-N,2
360,48,1070,1000000000.0,0.01416396505,2.0,0.0,non_ride,1.1,Yellow-S,2
361,48,1071,1000000000.0,0.01416396505,2.0,0.0,non_ride,1.1,Yellow-S,2
362,48,1072,1000000000.0,0.01416396505,2.0,0.0,non_ride,1.1,Yellow-S,2
363,48,1183,1000000000.0,0.01416396505,2.0,0.0,non_ride,2.2,Yellow-N,2
364,48,1184,1000000000.0,0.01416396505,2.0,0.0,non_ride,2.2,Yellow-N,2
365,48,1185,1000000000.0,0.01416396505,2.0,0.0,non_ride,2.2,Yellow-N,2
366,49,1092,1000000000.0,0.01417916083,2.0,0.0,non_ride,11.1,Blue-S,2
367,49,1110,1000000000.0,0.01417916083,2.0,0.0,non_ride,12.2,Blue-N,2
368,50,1073,1000000000.0,0.01417141088,2.0,0.0,non_ride,1.1,Yellow-S,2
369,50,1074,1000000000.0,0.01417141088,2.0,0.0,non_ride,1.1,Yellow-S,2
370,50,1075,1000000000.0,0.01417141088,2.0,0.0,non_ride,1.1,Yellow-S,2
371,50,1093,1000000000.0,0.01417141088,2.0,0.0,non_ride,11.1,Blue-S,2
372,50,1111,1000000000.0,0.01417141088,2.0,0.0,non_ride,12.2,Blue-N,2
373,50,1186,1000000000.0,0.01417141088,2.0,0.0,non_ride,2.2,Yellow-N,2
374,50,1187,1000000000.0,0.01417141088,2.0,0.0,non_ride,2.2,Yellow-N,2
375,50,1188,1000000000.0,0.01417141088,2.0,0.0,non_ride,2.2,Yellow-N,2
376,50,1304,1000000000.0,0.01417141088,2.0,0.0,non_ride,5.1,Green-S,2
377,50,1305,1000000000.0,0.01417141088,2.0,0.0,non_ride,5.1,Green-S,2
378,50,1332,1000000000.0,0.01417141088,2.0,0.0,non_ride,6.2,Green-N,2
379,50,1356,1000000000.0,0.01417141088,2.0,0.0,non_ride,7.1,Red-S,2
380,50,1380,1000000000.0,0.01417141088,2.0,0.0,non_ride,8.2,Red-N,2
381,1001,1,1000000000.0,0.01417151797,2.0,0.0,non_ride,1.1,Yellow-S,2
382,1001,1073,4500.0,2.075745091,24.9039603,0.0,ride,1.1,Yellow-S,1
383,1002,1,1000000000.0,0.01417151797,2.0,0.0,non_ride,1.1,Yellow-S,2
384,1002,1074,4500.0,2.075745091,24.9039603,0.0,ride,1.1,Yellow-S,1
385,1003,1,1000000000.0,0.01417151797,2.0,0.0,non_ride,1.1,Yellow-S,2
386,1003,1075,4500.0,2.075745091,24.9039603,0.0,ride,1.1,Yellow-S,1
387,1004,2,1000000000.0,0.014174341390000001,2.0,0.0,non_ride,1.1,Yellow-S,2
388,1004,1010,4500.0,1.422343233,42.64897251,0.0,ride,1.1,Yellow-S,1
389,1005,2,1000000000.0,0.014174341390000001,2.0,0.0,non_ride,1.1,Yellow-S,2
390,1005,1011,4500.0,1.422343233,42.64897251,0.0,ride,1.1,Yellow-S,1
391,1006,2,1000000000.0,0.014174341390000001,2.0,0.0,non_ride,1.1,Yellow-S,2
392,1006,1012,4500.0,1.422343233,42.64897251,0.0,ride,1.1,Yellow-S,1
393,1007,3,1000000000.0,0.01417117953,2.0,0.0,non_ride,1.1,Yellow-S,2
394,1007,1001,4500.0,0.5690536035,34.10910711,0.0,ride,1.1,Yellow-S,1
395,1008,3,1000000000.0,0.01417117953,2.0,0.0,non_ride,1.1,Yellow-S,2
396,1008,1002,4500.0,0.5690536035,34.10910711,0.0,ride,1.1,Yellow-S,1
397,1009,3,1000000000.0,0.01417117953,2.0,0.0,non_ride,1.1,Yellow-S,2
398,1009,1003,4500.0,0.5690536035,34.10910711,0.0,ride,1.1,Yellow-S,1
399,1010,4,1000000000.0,0.01417528137,2.0,0.0,non_ride,1.1,Yellow-S,2
400,1010,1032,4500.0,2.506860712,50.12050741,0.0,ride,1.1,Yellow-S,1
401,1011,4,1000000000.0,0.01417528137,2.0,0.0,non_ride,1.1,Yellow-S,2
402,1011,1033,4500.0,2.506860712,50.12050741,0.0,ride,1.1,Yellow-S,1
403,1012,4,1000000000.0,0.01417528137,2.0,0.0,non_ride,1.1,Yellow-S,2
404,1012,1034,4500.0,2.506860712,50.12050741,0.0,ride,1.1,Yellow-S,1
405,1013,5,1000000000.0,0.014157343300000002,2.0,0.0,non_ride,1.1,Yellow-S,2
406,1013,1049,4500.0,9.814581944,84.11297196,0.0,ride,1.1,Yellow-S,1
407,1014,7,1000000000.0,0.01417754066,2.0,0.0,non_ride,1.1,Yellow-S,2
408,1014,1026,4500.0,2.554269889,38.30447222,0.0,ride,1.1,Yellow-S,1
409,1015,7,1000000000.0,0.01417754066,2.0,0.0,non_ride,1.1,Yellow-S,2
410,1015,1027,4500.0,2.554269889,38.30447222,0.0,ride,1.1,Yellow-S,1
411,1016,7,1000000000.0,0.01417754066,2.0,0.0,non_ride,1.1,Yellow-S,2
412,1016,1028,4500.0,2.554269889,38.30447222,0.0,ride,1.1,Yellow-S,1
413,1017,11,1000000000.0,0.01417328917,2.0,0.0,non_ride,1.1,Yellow-S,2
414,1017,1004,4500.0,1.669110613,50.04829426,0.0,ride,1.1,Yellow-S,1
415,1018,11,1000000000.0,0.01417328917,2.0,0.0,non_ride,1.1,Yellow-S,2
416,1018,1005,4500.0,1.669110613,50.04829426,0.0,ride,1.1,Yellow-S,1
417,1019,11,1000000000.0,0.01417328917,2.0,0.0,non_ride,1.1,Yellow-S,2
418,1019,1006,4500.0,1.669110613,50.04829426,0.0,ride,1.1,Yellow-S,1
419,1020,12,1000000000.0,0.01418027399,2.0,0.0,non_ride,1.1,Yellow-S,2
420,1020,1067,4500.0,2.9609151419999997,59.19856998,0.0,ride,1.1,Yellow-S,1
421,1021,12,1000000000.0,0.01418027399,2.0,0.0,non_ride,1.1,Yellow-S,2
422,1021,1068,4500.0,2.9609151419999997,59.19856998,0.0,ride,1.1,Yellow-S,1
423,1022,12,1000000000.0,0.01418027399,2.0,0.0,non_ride,1.1,Yellow-S,2
424,1022,1069,4500.0,2.9609151419999997,59.19856998,0.0,ride,1.1,Yellow-S,1
425,1023,14,1000000000.0,0.01415894342,2.0,0.0,non_ride,1.1,Yellow-S,2
426,1023,1050,4500.0,5.562594184,66.73778265,0.0,ride,1.1,Yellow-S,1
427,1024,14,1000000000.0,0.01415894342,2.0,0.0,non_ride,1.1,Yellow-S,2
428,1024,1051,4500.0,5.562594184,66.73778265,0.0,ride,1.1,Yellow-S,1
429,1025,14,1000000000.0,0.01415894342,2.0,0.0,non_ride,1.1,Yellow-S,2
430,1025,1052,4500.0,5.562594184,66.73778265,0.0,ride,1.1,Yellow-S,1
431,1026,15,1000000000.0,0.01417867891,2.0,0.0,non_ride,1.1,Yellow-S,2
432,1026,1020,4500.0,2.421513271,29.05234879,0.0,ride,1.1,Yellow-S,1
433,1027,15,1000000000.0,0.01417867891,2.0,0.0,non_ride,1.1,Yellow-S,2
434,1027,1021,4500.0,2.421513271,29.05234879,0.0,ride,1.1,Yellow-S,1
435,1028,15,1000000000.0,0.01417867891,2.0,0.0,non_ride,1.1,Yellow-S,2
436,1028,1022,4500.0,2.421513271,29.05234879,0.0,ride,1.1,Yellow-S,1
437,1029,19,1000000000.0,0.01417230569,2.0,0.0,non_ride,1.1,Yellow-S,2
438,1029,1041,4500.0,0.5646331952,33.84414757,0.0,ride,1.1,Yellow-S,1
439,1030,19,1000000000.0,0.01417230569,2.0,0.0,non_ride,1.1,Yellow-S,2
440,1030,1042,4500.0,0.5646331952,33.84414757,0.0,ride,1.1,Yellow-S,1
441,1031,19,1000000000.0,0.01417230569,2.0,0.0,non_ride,1.1,Yellow-S,2
442,1031,1043,4500.0,0.5646331952,33.84414757,0.0,ride,1.1,Yellow-S,1
443,1032,22,1000000000.0,0.01417669266,2.0,0.0,non_ride,1.1,Yellow-S,2
444,1032,1014,4500.0,1.7731783479999998,53.16876605,0.0,ride,1.1,Yellow-S,1
445,1033,22,1000000000.0,0.01417669266,2.0,0.0,non_ride,1.1,Yellow-S,2
446,1033,1015,4500.0,1.7731783479999998,53.16876605,0.0,ride,1.1,Yellow-S,1
447,1034,22,1000000000.0,0.01417669266,2.0,0.0,non_ride,1.1,Yellow-S,2
448,1034,1016,4500.0,1.7731783479999998,53.16876605,0.0,ride,1.1,Yellow-S,1
449,1035,24,1000000000.0,0.014164894950000001,2.0,0.0,non_ride,1.1,Yellow-S,2
450,1035,1046,4500.0,5.4363460009999995,65.22310738,0.0,ride,1.1,Yellow-S,1
451,1036,24,1000000000.0,0.014164894950000001,2.0,0.0,non_ride,1.1,Yellow-S,2
452,1036,1047,4500.0,5.4363460009999995,81.52480881,0.0,ride,1.1,Yellow-S,1
453,1037,24,1000000000.0,0.014164894950000001,2.0,0.0,non_ride,1.1,Yellow-S,2
454,1037,1048,4500.0,5.4363460009999995,65.22310738,0.0,ride,1.1,Yellow-S,1
455,1038,26,1000000000.0,0.01416964863,2.0,0.0,non_ride,1.1,Yellow-S,2
456,1038,1007,4500.0,2.3117990070000003,34.66831802,0.0,ride,1.1,Yellow-S,1
457,1039,26,1000000000.0,0.01416964863,2.0,0.0,non_ride,1.1,Yellow-S,2
458,1039,1008,4500.0,2.3117990070000003,34.66831802,0.0,ride,1.1,Yellow-S,1
459,1040,26,1000000000.0,0.01416964863,2.0,0.0,non_ride,1.1,Yellow-S,2
460,1040,1009,4500.0,2.3117990070000003,34.66831802,0.0,ride,1.1,Yellow-S,1
461,1041,29,1000000000.0,0.014172569360000001,2.0,0.0,non_ride,1.1,Yellow-S,2
462,1041,1055,4500.0,0.7161548312,21.47390798,0.0,ride,1.1,Yellow-S,1
463,1042,29,1000000000.0,0.014172569360000001,2.0,0.0,non_ride,1.1,Yellow-S,2
464,1042,1056,4500.0,0.7161548312,21.47390798,0.0,ride,1.1,Yellow-S,1
465,1043,29,1000000000.0,0.014172569360000001,2.0,0.0,non_ride,1.1,Yellow-S,2
466,1043,1057,4500.0,0.7161548312,21.47390798,0.0,ride,1.1,Yellow-S,1
467,1044,31,1000000000.0,0.014156752279999999,2.0,0.0,non_ride,1.1,Yellow-S,2
468,1044,1023,4500.0,3.3193471039999998,66.36482048,0.0,ride,1.1,Yellow-S,1
469,1045,31,1000000000.0,0.014156752279999999,2.0,0.0,non_ride,1.1,Yellow-S,2
470,1045,1024,4500.0,3.3193471039999998,66.36482048,0.0,ride,1.1,Yellow-S,1
471,1046,33,1000000000.0,0.01416598156,2.0,0.0,non_ride,1.1,Yellow-S,2
472,1046,1058,4500.0,7.015601773999999,84.17038721,0.0,ride,1.1,Yellow-S,1
473,1047,33,1000000000.0,0.01416598156,2.0,0.0,non_ride,1.1,Yellow-S,2
474,1047,1059,4500.0,7.015601773999999,70.14432701,0.0,ride,1.1,Yellow-S,1
475,1048,33,1000000000.0,0.01416598156,2.0,0.0,non_ride,1.1,Yellow-S,2
476,1048,1060,4500.0,7.015601773999999,84.17038721,0.0,ride,1.1,Yellow-S,1
477,1049,34,1000000000.0,0.0141557563,2.0,0.0,non_ride,1.1,Yellow-S,2
478,1049,1053,4500.0,4.844353034,29.06321188,0.0,ride,1.1,Yellow-S,1
479,1050,35,1000000000.0,0.0141622919,2.0,0.0,non_ride,1.1,Yellow-S,2
480,1050,1070,4500.0,2.708778648,54.15752046,0.0,ride,1.1,Yellow-S,1
481,1051,35,1000000000.0,0.0141622919,2.0,0.0,non_ride,1.1,Yellow-S,2
482,1051,1071,4500.0,2.708778648,54.15752046,0.0,ride,1.1,Yellow-S,1
483,1052,35,1000000000.0,0.0141622919,2.0,0.0,non_ride,1.1,Yellow-S,2
484,1052,1072,4500.0,2.708778648,54.15752046,0.0,ride,1.1,Yellow-S,1
485,1053,36,1000000000.0,0.014155602659999999,2.0,0.0,non_ride,1.1,Yellow-S,2
486,1053,1044,4500.0,7.245339714,72.44132358,0.0,ride,1.1,Yellow-S,1
487,1054,36,1000000000.0,0.014155602659999999,2.0,0.0,non_ride,1.1,Yellow-S,2
488,1054,1045,4500.0,7.245339714,72.44132358,0.0,ride,1.1,Yellow-S,1
489,1055,38,1000000000.0,0.01417290616,2.0,0.0,non_ride,1.1,Yellow-S,2
490,1055,1017,4500.0,0.8119100538999999,24.34512905,0.0,ride,1.1,Yellow-S,1
491,1056,38,1000000000.0,0.01417290616,2.0,0.0,non_ride,1.1,Yellow-S,2
492,1056,1018,4500.0,0.8119100538999999,24.34512905,0.0,ride,1.1,Yellow-S,1
493,1057,38,1000000000.0,0.01417290616,2.0,0.0,non_ride,1.1,Yellow-S,2
494,1057,1019,4500.0,0.8119100538999999,24.34512905,0.0,ride,1.1,Yellow-S,1
495,1058,40,1000000000.0,0.01416846951,2.0,0.0,non_ride,1.1,Yellow-S,2
496,1058,1038,4500.0,2.2595221580000002,45.17538471,0.0,ride,1.1,Yellow-S,1
497,1059,40,1000000000.0,0.01416846951,2.0,0.0,non_ride,1.1,Yellow-S,2
498,1059,1039,4500.0,2.2595221580000002,45.17538471,0.0,ride,1.1,Yellow-S,1
499,1060,40,1000000000.0,0.01416846951,2.0,0.0,non_ride,1.1,Yellow-S,2
500,1060,1040,4500.0,2.2595221580000002,45.17538471,0.0,ride,1.1,Yellow-S,1
501,1061,42,1000000000.0,0.01418372739,2.0,0.0,non_ride,1.1,Yellow-S,2
502,1061,1064,4500.0,3.2360230860000003,38.82451213,0.0,ride,1.1,Yellow-S,1
503,1062,42,1000000000.0,0.01418372739,2.0,0.0,non_ride,1.1,Yellow-S,2
504,1062,1065,4500.0,3.2360230860000003,38.82451213,0.0,ride,1.1,Yellow-S,1
505,1063,42,1000000000.0,0.01418372739,2.0,0.0,non_ride,1.1,Yellow-S,2
506,1063,1066,4500.0,3.2360230860000003,38.82451213,0.0,ride,1.1,Yellow-S,1
507,1064,43,1000000000.0,0.01418532348,2.0,0.0,non_ride,1.1,Yellow-S,2
508,1065,43,1000000000.0,0.01418532348,2.0,0.0,non_ride,1.1,Yellow-S,2
509,1066,43,1000000000.0,0.01418532348,2.0,0.0,non_ride,1.1,Yellow-S,2
510,1067,45,1000000000.0,0.01418176134,2.0,0.0,non_ride,1.1,Yellow-S,2
511,1067,1061,4500.0,3.8530369970000002,77.03506159,0.0,ride,1.1,Yellow-S,1
512,1068,45,1000000000.0,0.01418176134,2.0,0.0,non_ride,1.1,Yellow-S,2
513,1068,1062,4500.0,3.8530369970000002,77.03506159,0.0,ride,1.1,Yellow-S,1
514,1069,45,1000000000.0,0.01418176134,2.0,0.0,non_ride,1.1,Yellow-S,2
515,1069,1063,4500.0,3.8530369970000002,77.03506159,0.0,ride,1.1,Yellow-S,1
516,1070,48,1000000000.0,0.01416396505,2.0,0.0,non_ride,1.1,Yellow-S,2
517,1070,1035,4500.0,5.216033855,62.57989029,0.0,ride,1.1,Yellow-S,1
518,1071,48,1000000000.0,0.01416396505,2.0,0.0,non_ride,1.1,Yellow-S,2
519,1071,1036,4500.0,5.216033855,62.57989029,0.0,ride,1.1,Yellow-S,1
520,1072,48,1000000000.0,0.01416396505,2.0,0.0,non_ride,1.1,Yellow-S,2
521,1072,1037,4500.0,5.216033855,62.57989029,0.0,ride,1.1,Yellow-S,1
522,1073,50,1000000000.0,0.01417141088,2.0,0.0,non_ride,1.1,Yellow-S,2
523,1073,1029,4500.0,9.057430966,77.62403342,0.0,ride,1.1,Yellow-S,1
524,1074,50,1000000000.0,0.01417141088,2.0,0.0,non_ride,1.1,Yellow-S,2
525,1074,1030,4500.0,9.057430966,77.62403342,0.0,ride,1.1,Yellow-S,1
526,1075,50,1000000000.0,0.01417141088,2.0,0.0,non_ride,1.1,Yellow-S,2
527,1075,1031,4500.0,9.057430966,77.62403342,0.0,ride,1.1,Yellow-S,1
528,1076,2,1000000000.0,0.014174341390000001,2.0,0.0,non_ride,11.1,Blue-S,2
529,1076,1077,1350.0,1.422343233,42.64897251,0.0,ride,11.1,Blue-S,1
530,1077,4,1000000000.0,0.01417528137,2.0,0.0,non_ride,11.1,Blue-S,2
531,1077,1087,1350.0,2.506860712,50.12050741,0.0,ride,11.1,Blue-S,1
532,1078,7,1000000000.0,0.01417754066,2.0,0.0,non_ride,11.1,Blue-S,2
533,1078,1083,1350.0,2.554269889,38.30447222,0.0,ride,11.1,Blue-S,1
534,1079,8,1000000000.0,0.01417936864,2.0,0.0,non_ride,11.1,Blue-S,2
535,1079,1091,1350.0,4.091586584,61.35845914,0.0,ride,11.1,Blue-S,1
536,1080,10,1000000000.0,0.01417982237,2.0,0.0,non_ride,11.1,Blue-S,2
537,1080,1079,1350.0,4.523365949,67.83353085,0.0,ride,11.1,Blue-S,1
538,1081,11,1000000000.0,0.01417328917,2.0,0.0,non_ride,11.1,Blue-S,2
539,1081,1076,1350.0,1.669110613,33.37108857,0.0,ride,11.1,Blue-S,1
540,1082,13,1000000000.0,0.01417519427,2.0,0.0,non_ride,11.1,Blue-S,2
541,1082,1086,1350.0,3.373621001,50.5916671,0.0,ride,11.1,Blue-S,1
542,1083,15,1000000000.0,0.01417867891,2.0,0.0,non_ride,11.1,Blue-S,2
543,1084,18,1000000000.0,0.01417901856,2.0,0.0,non_ride,11.1,Blue-S,2
544,1084,1092,1350.0,2.565600537,51.29491243,0.0,ride,11.1,Blue-S,1
545,1085,19,1000000000.0,0.01417230569,2.0,0.0,non_ride,11.1,Blue-S,2
546,1085,1089,1350.0,0.5646331952,16.93053059,0.0,ride,11.1,Blue-S,1
547,1086,21,1000000000.0,0.01417362659,2.0,0.0,non_ride,11.1,Blue-S,2
548,1086,1088,1350.0,4.397360844,65.94392668,0.0,ride,11.1,Blue-S,1
549,1087,22,1000000000.0,0.01417669266,2.0,0.0,non_ride,11.1,Blue-S,2
550,1087,1078,1350.0,1.7731783479999998,53.16876605,0.0,ride,11.1,Blue-S,1
551,1088,25,1000000000.0,0.01417196884,2.0,0.0,non_ride,11.1,Blue-S,2
552,1088,1093,1350.0,2.759443557,33.10670134,0.0,ride,11.1,Blue-S,1
553,1089,29,1000000000.0,0.014172569360000001,2.0,0.0,non_ride,11.1,Blue-S,2
554,1089,1090,1350.0,0.7161548312,21.47390798,0.0,ride,11.1,Blue-S,1
555,1090,38,1000000000.0,0.01417290616,2.0,0.0,non_ride,11.1,Blue-S,2
556,1090,1081,1350.0,0.8119100538999999,48.6659373,0.0,ride,11.1,Blue-S,1
557,1091,41,1000000000.0,0.01417753712,2.0,0.0,non_ride,11.1,Blue-S,2
558,1091,1082,1350.0,4.744982255,71.15694459,0.0,ride,11.1,Blue-S,1
559,1092,49,1000000000.0,0.01417916083,2.0,0.0,non_ride,11.1,Blue-S,2
560,1092,1080,1350.0,12.999975039999999,77.99205103,0.0,ride,11.1,Blue-S,1
561,1093,50,1000000000.0,0.01417141088,2.0,0.0,non_ride,11.1,Blue-S,2
562,1093,1085,1350.0,9.057430966,77.62403342,0.0,ride,11.1,Blue-S,1
563,1094,2,1000000000.0,0.014174341390000001,2.0,0.0,non_ride,12.2,Blue-N,2
564,1094,1099,1350.0,1.669110613,33.37108857,0.0,ride,12.2,Blue-N,1
565,1095,4,1000000000.0,0.01417528137,2.0,0.0,non_ride,12.2,Blue-N,2
566,1095,1094,1350.0,1.422343233,42.64897251,0.0,ride,12.2,Blue-N,1
567,1096,7,1000000000.0,0.01417754066,2.0,0.0,non_ride,12.2,Blue-N,2
568,1096,1105,1350.0,1.7731783479999998,35.4517497,0.0,ride,12.2,Blue-N,1
569,1097,8,1000000000.0,0.01417936864,2.0,0.0,non_ride,12.2,Blue-N,2
570,1097,1098,1350.0,4.523365949,54.26953748,0.0,ride,12.2,Blue-N,1
571,1098,10,1000000000.0,0.01417982237,2.0,0.0,non_ride,12.2,Blue-N,2
572,1098,1110,1350.0,12.999975039999999,86.65687171,0.0,ride,12.2,Blue-N,1
573,1099,11,1000000000.0,0.01417328917,2.0,0.0,non_ride,12.2,Blue-N,2
574,1099,1108,1350.0,0.8119100538999999,48.6659373,0.0,ride,12.2,Blue-N,1
575,1100,13,1000000000.0,0.01417519427,2.0,0.0,non_ride,12.2,Blue-N,2
576,1100,1109,1350.0,4.744982255,71.15694459,0.0,ride,12.2,Blue-N,1
577,1101,15,1000000000.0,0.01417867891,2.0,0.0,non_ride,12.2,Blue-N,2
578,1101,1096,1350.0,2.554269889,51.06837499,0.0,ride,12.2,Blue-N,1
579,1102,18,1000000000.0,0.01417901856,2.0,0.0,non_ride,12.2,Blue-N,2
580,1103,19,1000000000.0,0.01417230569,2.0,0.0,non_ride,12.2,Blue-N,2
581,1103,1111,1350.0,9.057430966,77.62403342,0.0,ride,12.2,Blue-N,1
582,1104,21,1000000000.0,0.01417362659,2.0,0.0,non_ride,12.2,Blue-N,2
583,1104,1100,1350.0,3.373621001,67.44993671,0.0,ride,12.2,Blue-N,1
584,1105,22,1000000000.0,0.01417669266,2.0,0.0,non_ride,12.2,Blue-N,2
585,1105,1095,1350.0,2.506860712,75.16823724,0.0,ride,12.2,Blue-N,1
586,1106,25,1000000000.0,0.01417196884,2.0,0.0,non_ride,12.2,Blue-N,2
587,1106,1104,1350.0,4.397360844,65.94392668,0.0,ride,12.2,Blue-N,1
588,1107,29,1000000000.0,0.014172569360000001,2.0,0.0,non_ride,12.2,Blue-N,2
589,1107,1103,1350.0,0.5646331952,16.93053059,0.0,ride,12.2,Blue-N,1
590,1108,38,1000000000.0,0.01417290616,2.0,0.0,non_ride,12.2,Blue-N,2
591,1108,1107,1350.0,0.7161548312,21.47390798,0.0,ride,12.2,Blue-N,1
592,1109,41,1000000000.0,0.01417753712,2.0,0.0,non_ride,12.2,Blue-N,2
593,1109,1097,1350.0,4.091586584,61.35845914,0.0,ride,12.2,Blue-N,1
594,1110,49,1000000000.0,0.01417916083,2.0,0.0,non_ride,12.2,Blue-N,2
595,1110,1102,1350.0,2.565600537,51.29491243,0.0,ride,12.2,Blue-N,1
596,1111,50,1000000000.0,0.01417141088,2.0,0.0,non_ride,12.2,Blue-N,2
597,1111,1106,1350.0,2.759443557,27.58983726,0.0,ride,12.2,Blue-N,1
598,1112,13,1000000000.0,0.01417519427,2.0,0.0,non_ride,19.2,Beige-N,2
599,1113,32,1000000000.0,0.0141781669,2.0,0.0,non_ride,19.2,Beige-N,2
600,1113,1112,4500.0,4.68998504,35.17049149,0.0,ride,19.2,Beige-N,1
601,1114,1,1000000000.0,0.01417151797,2.0,0.0,non_ride,2.2,Yellow-N,2
602,1114,1120,4500.0,0.5690536035,17.06307657,0.0,ride,2.2,Yellow-N,1
603,1115,1,1000000000.0,0.01417151797,2.0,0.0,non_ride,2.2,Yellow-N,2
604,1115,1121,4500.0,0.5690536035,34.10910711,0.0,ride,2.2,Yellow-N,1
605,1116,1,1000000000.0,0.01417151797,2.0,0.0,non_ride,2.2,Yellow-N,2
606,1116,1122,4500.0,0.5690536035,34.10910711,0.0,ride,2.2,Yellow-N,1
607,1117,2,1000000000.0,0.014174341390000001,2.0,0.0,non_ride,2.2,Yellow-N,2
608,1117,1131,4500.0,1.669110613,33.37108857,0.0,ride,2.2,Yellow-N,1
609,1118,2,1000000000.0,0.014174341390000001,2.0,0.0,non_ride,2.2,Yellow-N,2
610,1118,1132,4500.0,1.669110613,33.37108857,0.0,ride,2.2,Yellow-N,1
611,1119,2,1000000000.0,0.014174341390000001,2.0,0.0,non_ride,2.2,Yellow-N,2
612,1119,1133,4500.0,1.669110613,33.37108857,0.0,ride,2.2,Yellow-N,1
613,1120,3,1000000000.0,0.01417117953,2.0,0.0,non_ride,2.2,Yellow-N,2
614,1120,1151,4500.0,2.3117990070000003,34.66831802,0.0,ride,2.2,Yellow-N,1
615,1121,3,1000000000.0,0.01417117953,2.0,0.0,non_ride,2.2,Yellow-N,2
616,1121,1152,4500.0,2.3117990070000003,34.66831802,0.0,ride,2.2,Yellow-N,1
617,1122,3,1000000000.0,0.01417117953,2.0,0.0,non_ride,2.2,Yellow-N,2
618,1122,1153,4500.0,2.3117990070000003,34.66831802,0.0,ride,2.2,Yellow-N,1
619,1123,4,1000000000.0,0.01417528137,2.0,0.0,non_ride,2.2,Yellow-N,2
620,1123,1117,4500.0,1.422343233,42.64897251,0.0,ride,2.2,Yellow-N,1
621,1124,4,1000000000.0,0.01417528137,2.0,0.0,non_ride,2.2,Yellow-N,2
622,1124,1118,4500.0,1.422343233,42.64897251,0.0,ride,2.2,Yellow-N,1
623,1125,4,1000000000.0,0.01417528137,2.0,0.0,non_ride,2.2,Yellow-N,2
624,1125,1119,4500.0,1.422343233,42.64897251,0.0,ride,2.2,Yellow-N,1
625,1126,5,1000000000.0,0.014157343300000002,2.0,0.0,non_ride,2.2,Yellow-N,2
626,1127,5,1000000000.0,0.014157343300000002,2.0,0.0,non_ride,2.2,Yellow-N,2
627,1128,7,1000000000.0,0.01417754066,2.0,0.0,non_ride,2.2,Yellow-N,2
628,1128,1145,4500.0,1.7731783479999998,53.16876605,0.0,ride,2.2,Yellow-N,1
629,1129,7,1000000000.0,0.01417754066,2.0,0.0,non_ride,2.2,Yellow-N,2
630,1129,1146,4500.0,1.7731783479999998,35.4517497,0.0,ride,2.2,Yellow-N,1
631,1130,7,1000000000.0,0.01417754066,2.0,0.0,non_ride,2.2,Yellow-N,2
632,1130,1147,4500.0,1.7731783479999998,35.4517497,0.0,ride,2.2,Yellow-N,1
633,1131,11,1000000000.0,0.01417328917,2.0,0.0,non_ride,2.2,Yellow-N,2
634,1131,1171,4500.0,0.8119100538999999,48.6659373,0.0,ride,2.2,Yellow-N,1
635,1132,11,1000000000.0,0.01417328917,2.0,0.0,non_ride,2.2,Yellow-N,2
636,1132,1172,4500.0,0.8119100538999999,48.6659373,0.0,ride,2.2,Yellow-N,1
637,1133,11,1000000000.0,0.01417328917,2.0,0.0,non_ride,2.2,Yellow-N,2
638,1133,1173,4500.0,0.8119100538999999,48.6659373,0.0,ride,2.2,Yellow-N,1
639,1134,12,1000000000.0,0.01418027399,2.0,0.0,non_ride,2.2,Yellow-N,2
640,1134,1139,4500.0,2.421513271,48.41412738,0.0,ride,2.2,Yellow-N,1
641,1135,12,1000000000.0,0.01418027399,2.0,0.0,non_ride,2.2,Yellow-N,2
642,1135,1140,4500.0,2.421513271,48.41412738,0.0,ride,2.2,Yellow-N,1
643,1136,14,1000000000.0,0.01415894342,2.0,0.0,non_ride,2.2,Yellow-N,2
644,1136,1157,4500.0,3.3193471039999998,49.77776212,0.0,ride,2.2,Yellow-N,1
645,1137,14,1000000000.0,0.01415894342,2.0,0.0,non_ride,2.2,Yellow-N,2
646,1137,1158,4500.0,3.3193471039999998,66.36482048,0.0,ride,2.2,Yellow-N,1
647,1138,14,1000000000.0,0.01415894342,2.0,0.0,non_ride,2.2,Yellow-N,2
648,1138,1159,4500.0,3.3193471039999998,66.36482048,0.0,ride,2.2,Yellow-N,1
649,1139,15,1000000000.0,0.01417867891,2.0,0.0,non_ride,2.2,Yellow-N,2
650,1139,1128,4500.0,2.554269889,38.30447222,0.0,ride,2.2,Yellow-N,1
651,1140,15,1000000000.0,0.01417867891,2.0,0.0,non_ride,2.2,Yellow-N,2
652,1140,1129,4500.0,2.554269889,38.30447222,0.0,ride,2.2,Yellow-N,1
653,1141,15,1000000000.0,0.01417867891,2.0,0.0,non_ride,2.2,Yellow-N,2
654,1141,1130,4500.0,2.554269889,38.30447222,0.0,ride,2.2,Yellow-N,1
655,1142,19,1000000000.0,0.01417230569,2.0,0.0,non_ride,2.2,Yellow-N,2
656,1142,1186,4500.0,9.057430966,77.62403342,0.0,ride,2.2,Yellow-N,1
657,1143,19,1000000000.0,0.01417230569,2.0,0.0,non_ride,2.2,Yellow-N,2
658,1143,1187,4500.0,9.057430966,77.62403342,0.0,ride,2.2,Yellow-N,1
659,1144,19,1000000000.0,0.01417230569,2.0,0.0,non_ride,2.2,Yellow-N,2
660,1144,1188,4500.0,9.057430966,77.62403342,0.0,ride,2.2,Yellow-N,1
661,1145,22,1000000000.0,0.01417669266,2.0,0.0,non_ride,2.2,Yellow-N,2
662,1145,1123,4500.0,2.506860712,50.12050741,0.0,ride,2.2,Yellow-N,1
663,1146,22,1000000000.0,0.01417669266,2.0,0.0,non_ride,2.2,Yellow-N,2
664,1146,1124,4500.0,2.506860712,75.16823724,0.0,ride,2.2,Yellow-N,1
665,1147,22,1000000000.0,0.01417669266,2.0,0.0,non_ride,2.2,Yellow-N,2
666,1147,1125,4500.0,2.506860712,75.16823724,0.0,ride,2.2,Yellow-N,1
667,1148,24,1000000000.0,0.014164894950000001,2.0,0.0,non_ride,2.2,Yellow-N,2
668,1148,1183,4500.0,5.216033855,78.22095259,0.0,ride,2.2,Yellow-N,1
669,1149,24,1000000000.0,0.014164894950000001,2.0,0.0,non_ride,2.2,Yellow-N,2
670,1149,1184,4500.0,5.216033855,62.57989029,0.0,ride,2.2,Yellow-N,1
671,1150,24,1000000000.0,0.014164894950000001,2.0,0.0,non_ride,2.2,Yellow-N,2
672,1150,1185,4500.0,5.216033855,62.57989029,0.0,ride,2.2,Yellow-N,1
673,1151,26,1000000000.0,0.01416964863,2.0,0.0,non_ride,2.2,Yellow-N,2
674,1151,1174,4500.0,2.2595221580000002,45.17538471,0.0,ride,2.2,Yellow-N,1
675,1152,26,1000000000.0,0.01416964863,2.0,0.0,non_ride,2.2,Yellow-N,2
676,1152,1175,4500.0,2.2595221580000002,45.17538471,0.0,ride,2.2,Yellow-N,1
677,1153,26,1000000000.0,0.01416964863,2.0,0.0,non_ride,2.2,Yellow-N,2
678,1153,1176,4500.0,2.2595221580000002,45.17538471,0.0,ride,2.2,Yellow-N,1
679,1154,29,1000000000.0,0.014172569360000001,2.0,0.0,non_ride,2.2,Yellow-N,2
680,1154,1142,4500.0,0.5646331952,33.84414757,0.0,ride,2.2,Yellow-N,1
681,1155,29,1000000000.0,0.014172569360000001,2.0,0.0,non_ride,2.2,Yellow-N,2
682,1155,1143,4500.0,0.5646331952,16.93053059,0.0,ride,2.2,Yellow-N,1
683,1156,29,1000000000.0,0.014172569360000001,2.0,0.0,non_ride,2.2,Yellow-N,2
684,1156,1144,4500.0,0.5646331952,16.93053059,0.0,ride,2.2,Yellow-N,1
685,1157,31,1000000000.0,0.014156752279999999,2.0,0.0,non_ride,2.2,Yellow-N,2
686,1157,1168,4500.0,7.245339714,72.44132358,0.0,ride,2.2,Yellow-N,1
687,1158,31,1000000000.0,0.014156752279999999,2.0,0.0,non_ride,2.2,Yellow-N,2
688,1158,1169,4500.0,7.245339714,72.44132358,0.0,ride,2.2,Yellow-N,1
689,1159,31,1000000000.0,0.014156752279999999,2.0,0.0,non_ride,2.2,Yellow-N,2
690,1159,1170,4500.0,7.245339714,72.44132358,0.0,ride,2.2,Yellow-N,1
691,1160,33,1000000000.0,0.01416598156,2.0,0.0,non_ride,2.2,Yellow-N,2
692,1160,1148,4500.0,5.4363460009999995,65.22310738,0.0,ride,2.2,Yellow-N,1
693,1161,33,1000000000.0,0.01416598156,2.0,0.0,non_ride,2.2,Yellow-N,2
694,1161,1149,4500.0,5.4363460009999995,65.22310738,0.0,ride,2.2,Yellow-N,1
695,1162,33,1000000000.0,0.01416598156,2.0,0.0,non_ride,2.2,Yellow-N,2
696,1162,1150,4500.0,5.4363460009999995,65.22310738,0.0,ride,2.2,Yellow-N,1
697,1163,34,1000000000.0,0.0141557563,2.0,0.0,non_ride,2.2,Yellow-N,2
698,1163,1126,4500.0,9.814581944,73.60016456,0.0,ride,2.2,Yellow-N,1
699,1164,34,1000000000.0,0.0141557563,2.0,0.0,non_ride,2.2,Yellow-N,2
700,1164,1127,4500.0,9.814581944,73.60016456,0.0,ride,2.2,Yellow-N,1
701,1165,35,1000000000.0,0.0141622919,2.0,0.0,non_ride,2.2,Yellow-N,2
702,1165,1136,4500.0,5.562594184,66.73778265,0.0,ride,2.2,Yellow-N,1
703,1166,35,1000000000.0,0.0141622919,2.0,0.0,non_ride,2.2,Yellow-N,2
704,1166,1137,4500.0,5.562594184,55.61667239,0.0,ride,2.2,Yellow-N,1
705,1167,35,1000000000.0,0.0141622919,2.0,0.0,non_ride,2.2,Yellow-N,2
706,1167,1138,4500.0,5.562594184,55.61667239,0.0,ride,2.2,Yellow-N,1
707,1168,36,1000000000.0,0.014155602659999999,2.0,0.0,non_ride,2.2,Yellow-N,2
708,1169,36,1000000000.0,0.014155602659999999,2.0,0.0,non_ride,2.2,Yellow-N,2
709,1169,1163,4500.0,4.844353034,20.76003014,0.0,ride,2.2,Yellow-N,1
710,1170,36,1000000000.0,0.014155602659999999,2.0,0.0,non_ride,2.2,Yellow-N,2
711,1170,1164,4500.0,4.844353034,20.76003014,0.0,ride,2.2,Yellow-N,1
712,1171,38,1000000000.0,0.01417290616,2.0,0.0,non_ride,2.2,Yellow-N,2
713,1171,1154,4500.0,0.7161548312,21.47390798,0.0,ride,2.2,Yellow-N,1
714,1172,38,1000000000.0,0.01417290616,2.0,0.0,non_ride,2.2,Yellow-N,2
715,1172,1155,4500.0,0.7161548312,21.47390798,0.0,ride,2.2,Yellow-N,1
716,1173,38,1000000000.0,0.01417290616,2.0,0.0,non_ride,2.2,Yellow-N,2
717,1173,1156,4500.0,0.7161548312,21.47390798,0.0,ride,2.2,Yellow-N,1
718,1174,40,1000000000.0,0.01416846951,2.0,0.0,non_ride,2.2,Yellow-N,2
719,1174,1160,4500.0,7.015601773999999,84.17038721,0.0,ride,2.2,Yellow-N,1
720,1175,40,1000000000.0,0.01416846951,2.0,0.0,non_ride,2.2,Yellow-N,2
721,1175,1161,4500.0,7.015601773999999,84.17038721,0.0,ride,2.2,Yellow-N,1
722,1176,40,1000000000.0,0.01416846951,2.0,0.0,non_ride,2.2,Yellow-N,2
723,1176,1162,4500.0,7.015601773999999,84.17038721,0.0,ride,2.2,Yellow-N,1
724,1177,42,1000000000.0,0.01418372739,2.0,0.0,non_ride,2.2,Yellow-N,2
725,1177,1181,4500.0,3.8530369970000002,77.03506159,0.0,ride,2.2,Yellow-N,1
726,1178,42,1000000000.0,0.01418372739,2.0,0.0,non_ride,2.2,Yellow-N,2
727,1178,1182,4500.0,3.8530369970000002,77.03506159,0.0,ride,2.2,Yellow-N,1
728,1179,43,1000000000.0,0.01418532348,2.0,0.0,non_ride,2.2,Yellow-N,2
729,1179,1177,4500.0,3.2360230860000003,64.69889542,0.0,ride,2.2,Yellow-N,1
730,1180,43,1000000000.0,0.01418532348,2.0,0.0,non_ride,2.2,Yellow-N,2
731,1180,1178,4500.0,3.2360230860000003,48.52821423,0.0,ride,2.2,Yellow-N,1
732,1181,45,1000000000.0,0.01418176134,2.0,0.0,non_ride,2.2,Yellow-N,2
733,1181,1134,4500.0,2.9609151419999997,44.40262647,0.0,ride,2.2,Yellow-N,1
734,1182,45,1000000000.0,0.01418176134,2.0,0.0,non_ride,2.2,Yellow-N,2
735,1182,1135,4500.0,2.9609151419999997,59.19856998,0.0,ride,2.2,Yellow-N,1
736,1183,48,1000000000.0,0.01416396505,2.0,0.0,non_ride,2.2,Yellow-N,2
737,1183,1165,4500.0,2.708778648,54.15752046,0.0,ride,2.2,Yellow-N,1
738,1184,48,1000000000.0,0.01416396505,2.0,0.0,non_ride,2.2,Yellow-N,2
739,1184,1166,4500.0,2.708778648,81.22274808,0.0,ride,2.2,Yellow-N,1
740,1185,48,1000000000.0,0.01416396505,2.0,0.0,non_ride,2.2,Yellow-N,2
741,1185,1167,4500.0,2.708778648,81.22274808,0.0,ride,2.2,Yellow-N,1
742,1186,50,1000000000.0,0.01417141088,2.0,0.0,non_ride,2.2,Yellow-N,2
743,1186,1114,4500.0,2.075745091,31.12839426,0.0,ride,2.2,Yellow-N,1
744,1187,50,1000000000.0,0.01417141088,2.0,0.0,non_ride,2.2,Yellow-N,2
745,1187,1115,4500.0,2.075745091,31.12839426,0.0,ride,2.2,Yellow-N,1
746,1188,50,1000000000.0,0.01417141088,2.0,0.0,non_ride,2.2,Yellow-N,2
747,1188,1116,4500.0,2.075745091,31.12839426,0.0,ride,2.2,Yellow-N,1
748,1189,13,1000000000.0,0.01417519427,2.0,0.0,non_ride,20.1,Beige-S,2
749,1189,1190,4500.0,4.68998504,35.17049149,0.0,ride,20.1,Beige-S,1
750,1190,32,1000000000.0,0.0141781669,2.0,0.0,non_ride,20.1,Beige-S,2
751,1191,1,1000000000.0,0.01417151797,2.0,0.0,non_ride,3.2,Orange-N,2
752,1191,1194,1350.0,0.5690536035,34.10910711,0.0,ride,3.2,Orange-N,1
753,1192,1,1000000000.0,0.01417151797,2.0,0.0,non_ride,3.2,Orange-N,2
754,1192,1195,1350.0,0.5690536035,34.10910711,0.0,ride,3.2,Orange-N,1
755,1193,1,1000000000.0,0.01417151797,2.0,0.0,non_ride,3.2,Orange-N,2
756,1193,1196,1350.0,0.5690536035,34.10910711,0.0,ride,3.2,Orange-N,1
757,1194,3,1000000000.0,0.01417117953,2.0,0.0,non_ride,3.2,Orange-N,2
758,1194,1224,1350.0,2.3117990070000003,34.66831802,0.0,ride,3.2,Orange-N,1
759,1195,3,1000000000.0,0.01417117953,2.0,0.0,non_ride,3.2,Orange-N,2
760,1195,1225,1350.0,2.3117990070000003,34.66831802,0.0,ride,3.2,Orange-N,1
761,1196,3,1000000000.0,0.01417117953,2.0,0.0,non_ride,3.2,Orange-N,2
762,1196,1226,1350.0,2.3117990070000003,34.66831802,0.0,ride,3.2,Orange-N,1
763,1197,6,1000000000.0,0.01416785892,2.0,0.0,non_ride,3.2,Orange-N,2
764,1197,1207,1350.0,1.9013253179999998,57.01125391,0.0,ride,3.2,Orange-N,1
765,1198,6,1000000000.0,0.01416785892,2.0,0.0,non_ride,3.2,Orange-N,2
766,1198,1208,1350.0,1.9013253179999998,57.01125391,0.0,ride,3.2,Orange-N,1
767,1199,6,1000000000.0,0.01416785892,2.0,0.0,non_ride,3.2,Orange-N,2
768,1199,1209,1350.0,1.9013253179999998,57.01125391,0.0,ride,3.2,Orange-N,1
769,1200,8,1000000000.0,0.01417936864,2.0,0.0,non_ride,3.2,Orange-N,2
770,1200,1237,1350.0,4.091586584,81.80446352,0.0,ride,3.2,Orange-N,1
771,1201,8,1000000000.0,0.01417936864,2.0,0.0,non_ride,3.2,Orange-N,2
772,1201,1238,1350.0,4.091586584,81.80446352,0.0,ride,3.2,Orange-N,1
773,1202,8,1000000000.0,0.01417936864,2.0,0.0,non_ride,3.2,Orange-N,2
774,1202,1239,1350.0,4.091586584,81.80446352,0.0,ride,3.2,Orange-N,1
775,1203,9,1000000000.0,0.01420349683,2.0,0.0,non_ride,3.2,Orange-N,2
776,1203,1227,1350.0,4.813041129,72.17757255,0.0,ride,3.2,Orange-N,1
777,1204,13,1000000000.0,0.01417519427,2.0,0.0,non_ride,3.2,Orange-N,2
778,1204,1215,1350.0,3.373621001,50.5916671,0.0,ride,3.2,Orange-N,1
779,1205,13,1000000000.0,0.01417519427,2.0,0.0,non_ride,3.2,Orange-N,2
780,1205,1216,1350.0,3.373621001,50.5916671,0.0,ride,3.2,Orange-N,1
781,1206,13,1000000000.0,0.01417519427,2.0,0.0,non_ride,3.2,Orange-N,2
782,1206,1217,1350.0,3.373621001,50.5916671,0.0,ride,3.2,Orange-N,1
783,1207,16,1000000000.0,0.01416660063,2.0,0.0,non_ride,3.2,Orange-N,2
784,1207,1228,1350.0,1.4226196979999999,42.65726232,0.0,ride,3.2,Orange-N,1
785,1208,16,1000000000.0,0.01416660063,2.0,0.0,non_ride,3.2,Orange-N,2
786,1208,1229,1350.0,1.4226196979999999,42.65726232,0.0,ride,3.2,Orange-N,1
787,1209,16,1000000000.0,0.01416660063,2.0,0.0,non_ride,3.2,Orange-N,2
788,1209,1230,1350.0,1.4226196979999999,42.65726232,0.0,ride,3.2,Orange-N,1
789,1210,17,1000000000.0,0.01416253259,2.0,0.0,non_ride,3.2,Orange-N,2
790,1210,1234,1350.0,3.421323524,41.04767275,0.0,ride,3.2,Orange-N,1
791,1211,17,1000000000.0,0.01416253259,2.0,0.0,non_ride,3.2,Orange-N,2
792,1211,1235,1350.0,3.421323524,41.04767275,0.0,ride,3.2,Orange-N,1
793,1212,17,1000000000.0,0.01416253259,2.0,0.0,non_ride,3.2,Orange-N,2
794,1212,1236,1350.0,3.421323524,41.04767275,0.0,ride,3.2,Orange-N,1
795,1213,20,1000000000.0,0.01418962514,2.0,0.0,non_ride,3.2,Orange-N,2
796,1213,1243,1350.0,5.146783353,61.74905042,0.0,ride,3.2,Orange-N,1
797,1214,20,1000000000.0,0.01418962514,2.0,0.0,non_ride,3.2,Orange-N,2
798,1214,1244,1350.0,5.146783353,61.74905042,0.0,ride,3.2,Orange-N,1
799,1215,21,1000000000.0,0.01417362659,2.0,0.0,non_ride,3.2,Orange-N,2
800,1215,1221,1350.0,4.397360844,65.94392668,0.0,ride,3.2,Orange-N,1
801,1216,21,1000000000.0,0.01417362659,2.0,0.0,non_ride,3.2,Orange-N,2
802,1216,1222,1350.0,4.397360844,65.94392668,0.0,ride,3.2,Orange-N,1
803,1217,21,1000000000.0,0.01417362659,2.0,0.0,non_ride,3.2,Orange-N,2
804,1217,1223,1350.0,4.397360844,65.94392668,0.0,ride,3.2,Orange-N,1
805,1218,23,1000000000.0,0.01418137168,2.0,0.0,non_ride,3.2,Orange-N,2
806,1218,1200,1350.0,4.6074680699999995,69.09474737,0.0,ride,3.2,Orange-N,1
807,1219,23,1000000000.0,0.01418137168,2.0,0.0,non_ride,3.2,Orange-N,2
808,1219,1201,1350.0,4.6074680699999995,69.09474737,0.0,ride,3.2,Orange-N,1
809,1220,23,1000000000.0,0.01418137168,2.0,0.0,non_ride,3.2,Orange-N,2
810,1220,1202,1350.0,4.6074680699999995,69.09474737,0.0,ride,3.2,Orange-N,1
811,1221,25,1000000000.0,0.01417196884,2.0,0.0,non_ride,3.2,Orange-N,2
812,1221,1191,1350.0,0.8798566207999999,17.59126866,0.0,ride,3.2,Orange-N,1
813,1222,25,1000000000.0,0.01417196884,2.0,0.0,non_ride,3.2,Orange-N,2
814,1222,1192,1350.0,0.8798566207999999,17.59126866,0.0,ride,3.2,Orange-N,1
815,1223,25,1000000000.0,0.01417196884,2.0,0.0,non_ride,3.2,Orange-N,2
816,1223,1193,1350.0,0.8798566207999999,17.59126866,0.0,ride,3.2,Orange-N,1
817,1224,26,1000000000.0,0.01416964863,2.0,0.0,non_ride,3.2,Orange-N,2
818,1224,1197,1350.0,2.706583361,40.58860327,0.0,ride,3.2,Orange-N,1
819,1225,26,1000000000.0,0.01416964863,2.0,0.0,non_ride,3.2,Orange-N,2
820,1225,1198,1350.0,2.706583361,40.58860327,0.0,ride,3.2,Orange-N,1
821,1226,26,1000000000.0,0.01416964863,2.0,0.0,non_ride,3.2,Orange-N,2
822,1226,1199,1350.0,2.706583361,40.58860327,0.0,ride,3.2,Orange-N,1
823,1227,28,1000000000.0,0.01420046616,2.0,0.0,non_ride,3.2,Orange-N,2
824,1227,1245,1350.0,11.13977994,83.53790728,0.0,ride,3.2,Orange-N,1
825,1228,30,1000000000.0,0.01416631163,2.0,0.0,non_ride,3.2,Orange-N,2
826,1228,1231,1350.0,3.455074689,69.07846761,0.0,ride,3.2,Orange-N,1
827,1229,30,1000000000.0,0.01416631163,2.0,0.0,non_ride,3.2,Orange-N,2
828,1229,1232,1350.0,3.455074689,69.07846761,0.0,ride,3.2,Orange-N,1
829,1230,30,1000000000.0,0.01416631163,2.0,0.0,non_ride,3.2,Orange-N,2
830,1230,1233,1350.0,3.455074689,69.07846761,0.0,ride,3.2,Orange-N,1
831,1231,37,1000000000.0,0.01416419983,2.0,0.0,non_ride,3.2,Orange-N,2
832,1231,1210,1350.0,2.9640376959999997,59.26100024,0.0,ride,3.2,Orange-N,1
833,1232,37,1000000000.0,0.01416419983,2.0,0.0,non_ride,3.2,Orange-N,2
834,1232,1211,1350.0,2.9640376959999997,59.26100024,0.0,ride,3.2,Orange-N,1
835,1233,37,1000000000.0,0.01416419983,2.0,0.0,non_ride,3.2,Orange-N,2
836,1233,1212,1350.0,2.9640376959999997,59.26100024,0.0,ride,3.2,Orange-N,1
837,1234,39,1000000000.0,0.014161676310000001,2.0,0.0,non_ride,3.2,Orange-N,2
838,1235,39,1000000000.0,0.014161676310000001,2.0,0.0,non_ride,3.2,Orange-N,2
839,1236,39,1000000000.0,0.014161676310000001,2.0,0.0,non_ride,3.2,Orange-N,2
840,1237,41,1000000000.0,0.01417753712,2.0,0.0,non_ride,3.2,Orange-N,2
841,1237,1204,1350.0,4.744982255,71.15694459,0.0,ride,3.2,Orange-N,1
842,1238,41,1000000000.0,0.01417753712,2.0,0.0,non_ride,3.2,Orange-N,2
843,1238,1205,1350.0,4.744982255,71.15694459,0.0,ride,3.2,Orange-N,1
844,1239,41,1000000000.0,0.01417753712,2.0,0.0,non_ride,3.2,Orange-N,2
845,1239,1206,1350.0,4.744982255,71.15694459,0.0,ride,3.2,Orange-N,1
846,1240,44,1000000000.0,0.01418397438,2.0,0.0,non_ride,3.2,Orange-N,2
847,1240,1218,1350.0,4.726667114,70.88228614,0.0,ride,3.2,Orange-N,1
848,1241,44,1000000000.0,0.01418397438,2.0,0.0,non_ride,3.2,Orange-N,2
849,1241,1219,1350.0,4.726667114,70.88228614,0.0,ride,3.2,Orange-N,1
850,1242,44,1000000000.0,0.01418397438,2.0,0.0,non_ride,3.2,Orange-N,2
851,1242,1220,1350.0,4.726667114,70.88228614,0.0,ride,3.2,Orange-N,1
852,1243,46,1000000000.0,0.014187180899999999,2.0,0.0,non_ride,3.2,Orange-N,2
853,1243,1241,1350.0,5.989262958,71.85678414,0.0,ride,3.2,Orange-N,1
854,1244,46,1000000000.0,0.014187180899999999,2.0,0.0,non_ride,3.2,Orange-N,2
855,1244,1242,1350.0,5.989262958,71.85678414,0.0,ride,3.2,Orange-N,1
856,1245,47,1000000000.0,0.014193680560000001,2.0,0.0,non_ride,3.2,Orange-N,2
857,1245,1213,1350.0,6.962089477,69.60929322,0.0,ride,3.2,Orange-N,1
858,1246,1,1000000000.0,0.01417151797,2.0,0.0,non_ride,4.1,Orange-S,2
859,1246,1257,1350.0,0.8798566207999999,17.59126866,0.0,ride,4.1,Orange-S,1
860,1247,3,1000000000.0,0.01417117953,2.0,0.0,non_ride,4.1,Orange-S,2
861,1247,1246,1350.0,0.5690536035,17.06307657,0.0,ride,4.1,Orange-S,1
862,1248,6,1000000000.0,0.01416785892,2.0,0.0,non_ride,4.1,Orange-S,2
863,1248,1258,1350.0,2.706583361,54.11362935,0.0,ride,4.1,Orange-S,1
864,1249,8,1000000000.0,0.01417936864,2.0,0.0,non_ride,4.1,Orange-S,2
865,1249,1256,1350.0,4.6074680699999995,69.09474737,0.0,ride,4.1,Orange-S,1
866,1250,9,1000000000.0,0.01420349683,2.0,0.0,non_ride,4.1,Orange-S,2
867,1251,13,1000000000.0,0.01417519427,2.0,0.0,non_ride,4.1,Orange-S,2
868,1251,1263,1350.0,4.744982255,56.92840138,0.0,ride,4.1,Orange-S,1
869,1252,16,1000000000.0,0.01416660063,2.0,0.0,non_ride,4.1,Orange-S,2
870,1252,1248,1350.0,1.9013253179999998,57.01125391,0.0,ride,4.1,Orange-S,1
871,1253,17,1000000000.0,0.01416253259,2.0,0.0,non_ride,4.1,Orange-S,2
872,1253,1261,1350.0,2.9640376959999997,59.26100024,0.0,ride,4.1,Orange-S,1
873,1254,20,1000000000.0,0.01418962514,2.0,0.0,non_ride,4.1,Orange-S,2
874,1254,1266,1350.0,6.962089477,69.60929322,0.0,ride,4.1,Orange-S,1
875,1255,21,1000000000.0,0.01417362659,2.0,0.0,non_ride,4.1,Orange-S,2
876,1255,1251,1350.0,3.373621001,67.44993671,0.0,ride,4.1,Orange-S,1
877,1256,23,1000000000.0,0.01418137168,2.0,0.0,non_ride,4.1,Orange-S,2
878,1256,1264,1350.0,4.726667114,70.88228614,0.0,ride,4.1,Orange-S,1
879,1257,25,1000000000.0,0.01417196884,2.0,0.0,non_ride,4.1,Orange-S,2
880,1257,1255,1350.0,4.397360844,65.94392668,0.0,ride,4.1,Orange-S,1
881,1258,26,1000000000.0,0.01416964863,2.0,0.0,non_ride,4.1,Orange-S,2
882,1258,1247,1350.0,2.3117990070000003,23.11413771,0.0,ride,4.1,Orange-S,1
883,1259,28,1000000000.0,0.01420046616,2.0,0.0,non_ride,4.1,Orange-S,2
884,1259,1250,1350.0,4.813041129,57.74494456,0.0,ride,4.1,Orange-S,1
885,1260,30,1000000000.0,0.01416631163,2.0,0.0,non_ride,4.1,Orange-S,2
886,1260,1252,1350.0,1.4226196979999999,28.442913,0.0,ride,4.1,Orange-S,1
887,1261,37,1000000000.0,0.01416419983,2.0,0.0,non_ride,4.1,Orange-S,2
888,1261,1260,1350.0,3.455074689,69.07846761,0.0,ride,4.1,Orange-S,1
889,1262,39,1000000000.0,0.014161676310000001,2.0,0.0,non_ride,4.1,Orange-S,2
890,1262,1253,1350.0,3.421323524,51.3070261,0.0,ride,4.1,Orange-S,1
891,1263,41,1000000000.0,0.01417753712,2.0,0.0,non_ride,4.1,Orange-S,2
892,1263,1249,1350.0,4.091586584,61.35845914,0.0,ride,4.1,Orange-S,1
893,1264,44,1000000000.0,0.01418397438,2.0,0.0,non_ride,4.1,Orange-S,2
894,1264,1265,1350.0,5.989262958,71.85678414,0.0,ride,4.1,Orange-S,1
895,1265,46,1000000000.0,0.014187180899999999,2.0,0.0,non_ride,4.1,Orange-S,2
896,1265,1254,1350.0,5.146783353,61.74905042,0.0,ride,4.1,Orange-S,1
897,1266,47,1000000000.0,0.014193680560000001,2.0,0.0,non_ride,4.1,Orange-S,2
898,1266,1259,1350.0,11.13977994,74.2569488,0.0,ride,4.1,Orange-S,1
899,1267,2,1000000000.0,0.014174341390000001,2.0,0.0,non_ride,5.1,Green-S,2
900,1267,1269,1350.0,1.422343233,42.64897251,0.0,ride,5.1,Green-S,1
901,1268,2,1000000000.0,0.014174341390000001,2.0,0.0,non_ride,5.1,Green-S,2
902,1268,1270,1350.0,1.422343233,42.64897251,0.0,ride,5.1,Green-S,1
903,1269,4,1000000000.0,0.01417528137,2.0,0.0,non_ride,5.1,Green-S,2
904,1269,1287,1350.0,2.506860712,50.12050741,0.0,ride,5.1,Green-S,1
905,1270,4,1000000000.0,0.01417528137,2.0,0.0,non_ride,5.1,Green-S,2
906,1270,1288,1350.0,2.506860712,50.12050741,0.0,ride,5.1,Green-S,1
907,1271,7,1000000000.0,0.01417754066,2.0,0.0,non_ride,5.1,Green-S,2
908,1271,1280,1350.0,2.554269889,38.30447222,0.0,ride,5.1,Green-S,1
909,1272,7,1000000000.0,0.01417754066,2.0,0.0,non_ride,5.1,Green-S,2
910,1272,1281,1350.0,2.554269889,38.30447222,0.0,ride,5.1,Green-S,1
911,1273,8,1000000000.0,0.01417936864,2.0,0.0,non_ride,5.1,Green-S,2
912,1273,1298,1350.0,4.091586584,81.80446352,0.0,ride,5.1,Green-S,1
913,1274,8,1000000000.0,0.01417936864,2.0,0.0,non_ride,5.1,Green-S,2
914,1274,1299,1350.0,4.091586584,81.80446352,0.0,ride,5.1,Green-S,1
915,1275,9,1000000000.0,0.01420349683,2.0,0.0,non_ride,5.1,Green-S,2
916,1275,1293,1350.0,4.813041129,72.17757255,0.0,ride,5.1,Green-S,1
917,1276,11,1000000000.0,0.01417328917,2.0,0.0,non_ride,5.1,Green-S,2
918,1276,1267,1350.0,1.669110613,50.04829426,0.0,ride,5.1,Green-S,1
919,1277,11,1000000000.0,0.01417328917,2.0,0.0,non_ride,5.1,Green-S,2
920,1277,1268,1350.0,1.669110613,50.04829426,0.0,ride,5.1,Green-S,1
921,1278,13,1000000000.0,0.01417519427,2.0,0.0,non_ride,5.1,Green-S,2
922,1278,1285,1350.0,3.373621001,50.5916671,0.0,ride,5.1,Green-S,1
923,1279,13,1000000000.0,0.01417519427,2.0,0.0,non_ride,5.1,Green-S,2
924,1279,1286,1350.0,3.373621001,50.5916671,0.0,ride,5.1,Green-S,1
925,1280,15,1000000000.0,0.01417867891,2.0,0.0,non_ride,5.1,Green-S,2
926,1281,15,1000000000.0,0.01417867891,2.0,0.0,non_ride,5.1,Green-S,2
927,1282,19,1000000000.0,0.01417230569,2.0,0.0,non_ride,5.1,Green-S,2
928,1282,1294,1350.0,0.5646331952,33.84414757,0.0,ride,5.1,Green-S,1
929,1283,19,1000000000.0,0.01417230569,2.0,0.0,non_ride,5.1,Green-S,2
930,1283,1295,1350.0,0.5646331952,33.84414757,0.0,ride,5.1,Green-S,1
931,1284,20,1000000000.0,0.01418962514,2.0,0.0,non_ride,5.1,Green-S,2
932,1284,1302,1350.0,5.146783353,61.74905042,0.0,ride,5.1,Green-S,1
933,1285,21,1000000000.0,0.01417362659,2.0,0.0,non_ride,5.1,Green-S,2
934,1285,1291,1350.0,4.397360844,65.94392668,0.0,ride,5.1,Green-S,1
935,1286,21,1000000000.0,0.01417362659,2.0,0.0,non_ride,5.1,Green-S,2
936,1286,1292,1350.0,4.397360844,65.94392668,0.0,ride,5.1,Green-S,1
937,1287,22,1000000000.0,0.01417669266,2.0,0.0,non_ride,5.1,Green-S,2
938,1287,1271,1350.0,1.7731783479999998,53.16876605,0.0,ride,5.1,Green-S,1
939,1288,22,1000000000.0,0.01417669266,2.0,0.0,non_ride,5.1,Green-S,2
940,1288,1272,1350.0,1.7731783479999998,53.16876605,0.0,ride,5.1,Green-S,1
941,1289,23,1000000000.0,0.01418137168,2.0,0.0,non_ride,5.1,Green-S,2
942,1289,1273,1350.0,4.6074680699999995,69.09474737,0.0,ride,5.1,Green-S,1
943,1290,23,1000000000.0,0.01418137168,2.0,0.0,non_ride,5.1,Green-S,2
944,1290,1274,1350.0,4.6074680699999995,69.09474737,0.0,ride,5.1,Green-S,1
945,1291,25,1000000000.0,0.01417196884,2.0,0.0,non_ride,5.1,Green-S,2
946,1291,1304,1350.0,2.759443557,27.58983726,0.0,ride,5.1,Green-S,1
947,1292,25,1000000000.0,0.01417196884,2.0,0.0,non_ride,5.1,Green-S,2
948,1292,1305,1350.0,2.759443557,27.58983726,0.0,ride,5.1,Green-S,1
949,1293,28,1000000000.0,0.01420046616,2.0,0.0,non_ride,5.1,Green-S,2
950,1293,1303,1350.0,11.13977994,83.53790728,0.0,ride,5.1,Green-S,1
951,1294,29,1000000000.0,0.014172569360000001,2.0,0.0,non_ride,5.1,Green-S,2
952,1294,1296,1350.0,0.7161548312,21.47390798,0.0,ride,5.1,Green-S,1
953,1295,29,1000000000.0,0.014172569360000001,2.0,0.0,non_ride,5.1,Green-S,2
954,1295,1297,1350.0,0.7161548312,21.47390798,0.0,ride,5.1,Green-S,1
955,1296,38,1000000000.0,0.01417290616,2.0,0.0,non_ride,5.1,Green-S,2
956,1296,1276,1350.0,0.8119100538999999,24.34512905,0.0,ride,5.1,Green-S,1
957,1297,38,1000000000.0,0.01417290616,2.0,0.0,non_ride,5.1,Green-S,2
958,1297,1277,1350.0,0.8119100538999999,24.34512905,0.0,ride,5.1,Green-S,1
959,1298,41,1000000000.0,0.01417753712,2.0,0.0,non_ride,5.1,Green-S,2
960,1298,1278,1350.0,4.744982255,71.15694459,0.0,ride,5.1,Green-S,1
961,1299,41,1000000000.0,0.01417753712,2.0,0.0,non_ride,5.1,Green-S,2
962,1299,1279,1350.0,4.744982255,71.15694459,0.0,ride,5.1,Green-S,1
963,1300,44,1000000000.0,0.01418397438,2.0,0.0,non_ride,5.1,Green-S,2
964,1300,1289,1350.0,4.726667114,70.88228614,0.0,ride,5.1,Green-S,1
965,1301,44,1000000000.0,0.01418397438,2.0,0.0,non_ride,5.1,Green-S,2
966,1301,1290,1350.0,4.726667114,70.88228614,0.0,ride,5.1,Green-S,1
967,1302,46,1000000000.0,0.014187180899999999,2.0,0.0,non_ride,5.1,Green-S,2
968,1302,1301,1350.0,5.989262958,71.85678414,0.0,ride,5.1,Green-S,1
969,1303,47,1000000000.0,0.014193680560000001,2.0,0.0,non_ride,5.1,Green-S,2
970,1303,1284,1350.0,6.962089477,69.60929322,0.0,ride,5.1,Green-S,1
971,1304,50,1000000000.0,0.01417141088,2.0,0.0,non_ride,5.1,Green-S,2
972,1304,1282,1350.0,9.057430966,77.62403342,0.0,ride,5.1,Green-S,1
973,1305,50,1000000000.0,0.01417141088,2.0,0.0,non_ride,5.1,Green-S,2
974,1305,1283,1350.0,9.057430966,77.62403342,0.0,ride,5.1,Green-S,1
975,1306,2,1000000000.0,0.014174341390000001,2.0,0.0,non_ride,6.2,Green-N,2
976,1306,1312,1350.0,1.669110613,50.04829426,0.0,ride,6.2,Green-N,1
977,1307,4,1000000000.0,0.01417528137,2.0,0.0,non_ride,6.2,Green-N,2
978,1307,1306,1350.0,1.422343233,42.64897251,0.0,ride,6.2,Green-N,1
979,1308,7,1000000000.0,0.01417754066,2.0,0.0,non_ride,6.2,Green-N,2
980,1308,1319,1350.0,1.7731783479999998,53.16876605,0.0,ride,6.2,Green-N,1
981,1309,8,1000000000.0,0.01417936864,2.0,0.0,non_ride,6.2,Green-N,2
982,1309,1320,1350.0,4.6074680699999995,55.27856113,0.0,ride,6.2,Green-N,1
983,1310,9,1000000000.0,0.01420349683,2.0,0.0,non_ride,6.2,Green-N,2
984,1311,9,1000000000.0,0.01420349683,2.0,0.0,non_ride,6.2,Green-N,2
985,1312,11,1000000000.0,0.01417328917,2.0,0.0,non_ride,6.2,Green-N,2
986,1312,1325,1350.0,0.8119100538999999,24.34512905,0.0,ride,6.2,Green-N,1
987,1313,13,1000000000.0,0.01417519427,2.0,0.0,non_ride,6.2,Green-N,2
988,1313,1326,1350.0,4.744982255,71.15694459,0.0,ride,6.2,Green-N,1
989,1314,15,1000000000.0,0.01417867891,2.0,0.0,non_ride,6.2,Green-N,2
990,1314,1308,1350.0,2.554269889,51.06837499,0.0,ride,6.2,Green-N,1
991,1315,19,1000000000.0,0.01417230569,2.0,0.0,non_ride,6.2,Green-N,2
992,1315,1332,1350.0,9.057430966,77.62403342,0.0,ride,6.2,Green-N,1
993,1316,20,1000000000.0,0.01418962514,2.0,0.0,non_ride,6.2,Green-N,2
994,1316,1330,1350.0,6.962089477,69.60929322,0.0,ride,6.2,Green-N,1
995,1317,20,1000000000.0,0.01418962514,2.0,0.0,non_ride,6.2,Green-N,2
996,1317,1331,1350.0,6.962089477,69.60929322,0.0,ride,6.2,Green-N,1
997,1318,21,1000000000.0,0.01417362659,2.0,0.0,non_ride,6.2,Green-N,2
998,1318,1313,1350.0,3.373621001,50.5916671,0.0,ride,6.2,Green-N,1
999,1319,22,1000000000.0,0.01417669266,2.0,0.0,non_ride,6.2,Green-N,2
1000,1319,1307,1350.0,2.506860712,50.12050741,0.0,ride,6.2,Green-N,1
1001,1320,23,1000000000.0,0.01418137168,2.0,0.0,non_ride,6.2,Green-N,2
1002,1320,1327,1350.0,4.726667114,70.88228614,0.0,ride,6.2,Green-N,1
1003,1321,25,1000000000.0,0.01417196884,2.0,0.0,non_ride,6.2,Green-N,2
1004,1321,1318,1350.0,4.397360844,65.94392668,0.0,ride,6.2,Green-N,1
1005,1322,28,1000000000.0,0.01420046616,2.0,0.0,non_ride,6.2,Green-N,2
1006,1322,1310,1350.0,4.813041129,72.17757255,0.0,ride,6.2,Green-N,1
1007,1323,28,1000000000.0,0.01420046616,2.0,0.0,non_ride,6.2,Green-N,2
1008,1323,1311,1350.0,4.813041129,72.17757255,0.0,ride,6.2,Green-N,1
1009,1324,29,1000000000.0,0.014172569360000001,2.0,0.0,non_ride,6.2,Green-N,2
1010,1324,1315,1350.0,0.5646331952,33.84414757,0.0,ride,6.2,Green-N,1
1011,1325,38,1000000000.0,0.01417290616,2.0,0.0,non_ride,6.2,Green-N,2
1012,1325,1324,1350.0,0.7161548312,21.47390798,0.0,ride,6.2,Green-N,1
1013,1326,41,1000000000.0,0.01417753712,2.0,0.0,non_ride,6.2,Green-N,2
1014,1326,1309,1350.0,4.091586584,81.80446352,0.0,ride,6.2,Green-N,1
1015,1327,44,1000000000.0,0.01418397438,2.0,0.0,non_ride,6.2,Green-N,2
1016,1327,1329,1350.0,5.989262958,71.85678414,0.0,ride,6.2,Green-N,1
1017,1328,46,1000000000.0,0.014187180899999999,2.0,0.0,non_ride,6.2,Green-N,2
1018,1328,1316,1350.0,5.146783353,61.74905042,0.0,ride,6.2,Green-N,1
1019,1329,46,1000000000.0,0.014187180899999999,2.0,0.0,non_ride,6.2,Green-N,2
1020,1329,1317,1350.0,5.146783353,61.74905042,0.0,ride,6.2,Green-N,1
1021,1330,47,1000000000.0,0.014193680560000001,2.0,0.0,non_ride,6.2,Green-N,2
1022,1330,1322,1350.0,11.13977994,74.2569488,0.0,ride,6.2,Green-N,1
1023,1331,47,1000000000.0,0.014193680560000001,2.0,0.0,non_ride,6.2,Green-N,2
1024,1331,1323,1350.0,11.13977994,74.2569488,0.0,ride,6.2,Green-N,1
1025,1332,50,1000000000.0,0.01417141088,2.0,0.0,non_ride,6.2,Green-N,2
1026,1332,1321,1350.0,2.759443557,27.58983726,0.0,ride,6.2,Green-N,1
1027,1333,1,1000000000.0,0.01417151797,2.0,0.0,non_ride,7.1,Red-S,2
1028,1333,1356,1350.0,2.075745091,24.9039603,0.0,ride,7.1,Red-S,1
1029,1334,2,1000000000.0,0.014174341390000001,2.0,0.0,non_ride,7.1,Red-S,2
1030,1334,1336,1350.0,1.422343233,42.64897251,0.0,ride,7.1,Red-S,1
1031,1335,3,1000000000.0,0.01417117953,2.0,0.0,non_ride,7.1,Red-S,2
1032,1335,1333,1350.0,0.5690536035,17.06307657,0.0,ride,7.1,Red-S,1
1033,1336,4,1000000000.0,0.01417528137,2.0,0.0,non_ride,7.1,Red-S,2
1034,1336,1345,1350.0,2.506860712,50.12050741,0.0,ride,7.1,Red-S,1
1035,1337,6,1000000000.0,0.01416785892,2.0,0.0,non_ride,7.1,Red-S,2
1036,1337,1346,1350.0,2.706583361,40.58860327,0.0,ride,7.1,Red-S,1
1037,1338,7,1000000000.0,0.01417754066,2.0,0.0,non_ride,7.1,Red-S,2
1038,1338,1341,1350.0,2.554269889,38.30447222,0.0,ride,7.1,Red-S,1
1039,1339,11,1000000000.0,0.01417328917,2.0,0.0,non_ride,7.1,Red-S,2
1040,1339,1334,1350.0,1.669110613,50.04829426,0.0,ride,7.1,Red-S,1
1041,1340,12,1000000000.0,0.01418027399,2.0,0.0,non_ride,7.1,Red-S,2
1042,1340,1355,1350.0,2.9609151419999997,59.19856998,0.0,ride,7.1,Red-S,1
1043,1341,15,1000000000.0,0.01417867891,2.0,0.0,non_ride,7.1,Red-S,2
1044,1341,1340,1350.0,2.421513271,29.05234879,0.0,ride,7.1,Red-S,1
1045,1342,16,1000000000.0,0.01416660063,2.0,0.0,non_ride,7.1,Red-S,2
1046,1342,1337,1350.0,1.9013253179999998,57.01125391,0.0,ride,7.1,Red-S,1
1047,1343,17,1000000000.0,0.01416253259,2.0,0.0,non_ride,7.1,Red-S,2
1048,1343,1350,1350.0,2.9640376959999997,59.26100024,0.0,ride,7.1,Red-S,1
1049,1344,19,1000000000.0,0.01417230569,2.0,0.0,non_ride,7.1,Red-S,2
1050,1344,1348,1350.0,0.5646331952,33.84414757,0.0,ride,7.1,Red-S,1
1051,1345,22,1000000000.0,0.01417669266,2.0,0.0,non_ride,7.1,Red-S,2
1052,1345,1338,1350.0,1.7731783479999998,53.16876605,0.0,ride,7.1,Red-S,1
1053,1346,26,1000000000.0,0.01416964863,2.0,0.0,non_ride,7.1,Red-S,2
1054,1346,1335,1350.0,2.3117990070000003,46.22057328,0.0,ride,7.1,Red-S,1
1055,1347,27,1000000000.0,0.01418648722,2.0,0.0,non_ride,7.1,Red-S,2
1056,1348,29,1000000000.0,0.014172569360000001,2.0,0.0,non_ride,7.1,Red-S,2
1057,1348,1351,1350.0,0.7161548312,21.47390798,0.0,ride,7.1,Red-S,1
1058,1349,30,1000000000.0,0.01416631163,2.0,0.0,non_ride,7.1,Red-S,2
1059,1349,1342,1350.0,1.4226196979999999,42.65726232,0.0,ride,7.1,Red-S,1
1060,1350,37,1000000000.0,0.01416419983,2.0,0.0,non_ride,7.1,Red-S,2
1061,1350,1349,1350.0,3.455074689,51.81316704,0.0,ride,7.1,Red-S,1
1062,1351,38,1000000000.0,0.01417290616,2.0,0.0,non_ride,7.1,Red-S,2
1063,1351,1339,1350.0,0.8119100538999999,24.34512905,0.0,ride,7.1,Red-S,1
1064,1352,39,1000000000.0,0.014161676310000001,2.0,0.0,non_ride,7.1,Red-S,2
1065,1352,1343,1350.0,3.421323524,51.3070261,0.0,ride,7.1,Red-S,1
1066,1353,42,1000000000.0,0.01418372739,2.0,0.0,non_ride,7.1,Red-S,2
1067,1353,1354,1350.0,3.2360230860000003,38.82451213,0.0,ride,7.1,Red-S,1
1068,1354,43,1000000000.0,0.01418532348,2.0,0.0,non_ride,7.1,Red-S,2
1069,1354,1347,1350.0,1.815019156,27.21848272,0.0,ride,7.1,Red-S,1
1070,1354,1354,1350.0,0.0,1.0,0.0,ride,7.1,Red-S,1
1071,1355,45,1000000000.0,0.01418176134,2.0,0.0,non_ride,7.1,Red-S,2
1072,1355,1353,1350.0,3.8530369970000002,77.03506159,0.0,ride,7.1,Red-S,1
1073,1356,50,1000000000.0,0.01417141088,2.0,0.0,non_ride,7.1,Red-S,2
1074,1356,1344,1350.0,9.057430966,77.62403342,0.0,ride,7.1,Red-S,1
1075,1357,1,1000000000.0,0.01417151797,2.0,0.0,non_ride,8.2,Red-N,2
1076,1357,1359,1350.0,0.5690536035,34.10910711,0.0,ride,8.2,Red-N,1
1077,1358,2,1000000000.0,0.014174341390000001,2.0,0.0,non_ride,8.2,Red-N,2
1078,1358,1363,1350.0,1.669110613,50.04829426,0.0,ride,8.2,Red-N,1
1079,1359,3,1000000000.0,0.01417117953,2.0,0.0,non_ride,8.2,Red-N,2
1080,1359,1370,1350.0,2.3117990070000003,34.66831802,0.0,ride,8.2,Red-N,1
1081,1360,4,1000000000.0,0.01417528137,2.0,0.0,non_ride,8.2,Red-N,2
1082,1360,1358,1350.0,1.422343233,42.64897251,0.0,ride,8.2,Red-N,1
1083,1361,6,1000000000.0,0.01416785892,2.0,0.0,non_ride,8.2,Red-N,2
1084,1361,1366,1350.0,1.9013253179999998,57.01125391,0.0,ride,8.2,Red-N,1
1085,1362,7,1000000000.0,0.01417754066,2.0,0.0,non_ride,8.2,Red-N,2
1086,1362,1369,1350.0,1.7731783479999998,53.16876605,0.0,ride,8.2,Red-N,1
1087,1363,11,1000000000.0,0.01417328917,2.0,0.0,non_ride,8.2,Red-N,2
1088,1363,1375,1350.0,0.8119100538999999,24.34512905,0.0,ride,8.2,Red-N,1
1089,1364,12,1000000000.0,0.01418027399,2.0,0.0,non_ride,8.2,Red-N,2
1090,1364,1365,1350.0,2.421513271,48.41412738,0.0,ride,8.2,Red-N,1
1091,1365,15,1000000000.0,0.01417867891,2.0,0.0,non_ride,8.2,Red-N,2
1092,1365,1362,1350.0,2.554269889,30.64510965,0.0,ride,8.2,Red-N,1
1093,1366,16,1000000000.0,0.01416660063,2.0,0.0,non_ride,8.2,Red-N,2
1094,1366,1373,1350.0,1.4226196979999999,42.65726232,0.0,ride,8.2,Red-N,1
1095,1367,17,1000000000.0,0.01416253259,2.0,0.0,non_ride,8.2,Red-N,2
1096,1367,1376,1350.0,3.421323524,41.04767275,0.0,ride,8.2,Red-N,1
1097,1368,19,1000000000.0,0.01417230569,2.0,0.0,non_ride,8.2,Red-N,2
1098,1368,1380,1350.0,9.057430966,77.62403342,0.0,ride,8.2,Red-N,1
1099,1369,22,1000000000.0,0.01417669266,2.0,0.0,non_ride,8.2,Red-N,2
1100,1369,1360,1350.0,2.506860712,50.12050741,0.0,ride,8.2,Red-N,1
1101,1370,26,1000000000.0,0.01416964863,2.0,0.0,non_ride,8.2,Red-N,2
1102,1370,1361,1350.0,2.706583361,40.58860327,0.0,ride,8.2,Red-N,1
1103,1371,27,1000000000.0,0.01418648722,2.0,0.0,non_ride,8.2,Red-N,2
1104,1371,1378,1350.0,1.815019156,21.7758747,0.0,ride,8.2,Red-N,1
1105,1372,29,1000000000.0,0.014172569360000001,2.0,0.0,non_ride,8.2,Red-N,2
1106,1372,1368,1350.0,0.5646331952,16.93053059,0.0,ride,8.2,Red-N,1
1107,1373,30,1000000000.0,0.01416631163,2.0,0.0,non_ride,8.2,Red-N,2
1108,1373,1374,1350.0,3.455074689,51.81316704,0.0,ride,8.2,Red-N,1
1109,1374,37,1000000000.0,0.01416419983,2.0,0.0,non_ride,8.2,Red-N,2
1110,1374,1367,1350.0,2.9640376959999997,88.87669252,0.0,ride,8.2,Red-N,1
1111,1375,38,1000000000.0,0.01417290616,2.0,0.0,non_ride,8.2,Red-N,2
1112,1375,1372,1350.0,0.7161548312,42.92636351,0.0,ride,8.2,Red-N,1
1113,1376,39,1000000000.0,0.014161676310000001,2.0,0.0,non_ride,8.2,Red-N,2
1114,1377,42,1000000000.0,0.01418372739,2.0,0.0,non_ride,8.2,Red-N,2
1115,1377,1379,1350.0,3.8530369970000002,77.03506159,0.0,ride,8.2,Red-N,1
1116,1378,43,1000000000.0,0.01418532348,2.0,0.0,non_ride,8.2,Red-N,2
1117,1378,1377,1350.0,3.2360230860000003,48.52821423,0.0,ride,8.2,Red-N,1
1118,1378,1378,1350.0,0.0,1.0,0.0,ride,8.2,Red-N,1
1119,1379,45,1000000000.0,0.01418176134,2.0,0.0,non_ride,8.2,Red-N,2
1120,1379,1364,1350.0,2.9609151419999997,59.19856998,0.0,ride,8.2,Red-N,1
1121,1380,50,1000000000.0,0.01417141088,2.0,0.0,non_ride,8.2,Red-N,2
1122,1380,1357,1350.0,2.075745091,31.12839426,0.0,ride,8.2,Red-N,1
